date,city,pm2_5,pm10,no2,so2,co,o3,aqi,location,country,unit,value,date_utc,latitude,longitude,parameter,source
2025-01-01 08:00:00+00:00,Bengaluru,42.0,88.0,24.0,8.0,0.8,20.0,65,,IN,,,2025-01-01 08:00:00+00:00,,,pm2_5,csv
2025-01-02 08:00:00+00:00,Bengaluru,55.0,95.0,30.0,10.0,1.0,25.0,90,,IN,,,2025-01-02 08:00:00+00:00,,,pm2_5,csv
2025-01-01 09:00:00+00:00,Delhi,160.0,260.0,60.0,18.0,1.8,35.0,210,,IN,,,2025-01-01 09:00:00+00:00,,,pm2_5,csv
2025-01-02 09:00:00+00:00,Delhi,220.0,320.0,75.0,20.0,2.2,40.0,320,,IN,,,2025-01-02 09:00:00+00:00,,,pm2_5,csv
2025-01-03 09:00:00+00:00,Delhi,35.0,70.0,22.0,7.0,0.6,18.0,45,,IN,,,2025-01-03 09:00:00+00:00,,,pm2_5,csv
2025-11-29 15:26:00+00:00,Bengaluru,78.76127989516144,147.62258865564854,1.0,2.1869229588260914,1.0639202015836426,21.837574076564177,138,,IN,,,2025-11-29 15:26:00+00:00,,,pm2_5,db
2025-04-07 12:22:00+00:00,Jaipur,79.44479838572371,112.64122790244865,46.90861810452049,12.805056053512274,0.5703537685583808,28.68750784082499,72,,IN,,,2025-04-07 12:22:00+00:00,,,pm2_5,db
2026-01-08 06:37:00+00:00,Jaipur,55.378440911368486,82.76281822384234,48.33812008011046,9.072823107587187,0.7858360889184464,21.478664495117705,177,,IN,,,2026-01-08 06:37:00+00:00,,,pm2_5,db
2024-06-14 13:09:00+00:00,Kolkata,70.77052507519707,195.66590403481845,23.903774754230767,6.926543625570776,0.5931136358760611,31.159794225754958,219,,IN,,,2024-06-14 13:09:00+00:00,,,pm2_5,db
2024-08-16 16:28:00+00:00,Kolkata,39.387969607719015,136.02371151298803,41.14881256805163,13.25892560983117,0.6672451463556528,27.321613230667197,148,,IN,,,2024-08-16 16:28:00+00:00,,,pm2_5,db
2024-12-10 05:40:00+00:00,Jaipur,65.58988871936705,137.15654252287578,31.013686042333372,11.734716392139905,1.3156441129192702,10.428441801443336,117,,IN,,,2024-12-10 05:40:00+00:00,,,pm2_5,db
2025-04-14 12:34:00+00:00,Hyderabad,53.12144371933291,169.79765244937585,17.012533264601352,15.809670127548884,0.15856511419209762,21.651149700142252,151,,IN,,,2025-04-14 12:34:00+00:00,,,pm2_5,db
2025-06-22 02:33:00+00:00,Hyderabad,79.83368087999813,96.0509971100625,23.064723110031494,15.147855287542923,0.9043478375591926,12.24313676662078,60,,IN,,,2025-06-22 02:33:00+00:00,,,pm2_5,db
2024-06-25 20:16:00+00:00,Jaipur,63.56064340176413,137.61941416271074,23.591210304951986,10.951238146460286,1.3127951969836684,21.906534602797617,171,,IN,,,2024-06-25 20:16:00+00:00,,,pm2_5,db
2024-09-12 08:01:00+00:00,Chennai,50.45655265004177,62.166414176438415,37.304587211783726,7.183585958783657,1.0062470593638437,29.80746658905909,171,,IN,,,2024-09-12 08:01:00+00:00,,,pm2_5,db
2025-04-04 03:22:00+00:00,Kolkata,49.41754219889616,106.81127156374404,4.689983490629551,1.317325165461476,0.3386501938227988,15.027531723985183,167,,IN,,,2025-04-04 03:22:00+00:00,,,pm2_5,db
2025-10-06 10:15:00+00:00,Kolkata,92.48070744465164,95.74944115754296,41.0627335270063,4.398293919940738,0.897281221066185,15.499779450894188,116,,IN,,,2025-10-06 10:15:00+00:00,,,pm2_5,db
2025-04-11 16:12:00+00:00,Delhi,70.86059108864643,119.50942409329112,21.087750664548082,1.323652873669273,1.0360647538569348,19.705072909361974,156,,IN,,,2025-04-11 16:12:00+00:00,,,pm2_5,db
2025-08-14 03:35:00+00:00,Chennai,54.0161093131744,69.06010029512541,32.689134524344745,11.319980103830591,1.6795937876202183,33.35111245914578,164,,IN,,,2025-08-14 03:35:00+00:00,,,pm2_5,db
2024-07-28 04:35:00+00:00,Pune,44.0062116812563,72.936962343779,24.15285295266348,1.7398831146621472,1.317575473407202,22.777773029012266,37,,IN,,,2024-07-28 04:35:00+00:00,,,pm2_5,db
2025-05-01 11:46:00+00:00,Kolkata,80.95316419735953,189.86923566767146,73.70793699010994,12.486456599655979,0.505230939984068,3.679537192686908,158,,IN,,,2025-05-01 11:46:00+00:00,,,pm2_5,db
2025-01-11 13:31:00+00:00,Lucknow,44.6975800235048,104.36836454334458,45.989703461814656,10.942291404672067,0.9206825814806558,14.643462471741884,22,,IN,,,2025-01-11 13:31:00+00:00,,,pm2_5,db
2025-09-16 02:16:00+00:00,Pune,67.01716917378565,180.7171965431953,31.954117822093288,15.896437066138345,0.750352200730424,13.150562335829754,72,,IN,,,2025-09-16 02:16:00+00:00,,,pm2_5,db
2025-06-23 13:22:00+00:00,Delhi,39.46533301939034,143.5395681494538,16.456092328694602,15.589438077245465,1.1924754830529316,23.433621023419096,137,,IN,,,2025-06-23 13:22:00+00:00,,,pm2_5,db
2026-03-28 04:09:00+00:00,Lucknow,48.6254129914805,60.97576944931007,10.83093638520571,11.035527506332716,1.7895456282052176,26.599916135734382,131,,IN,,,2026-03-28 04:09:00+00:00,,,pm2_5,db
2025-05-27 11:18:00+00:00,Delhi,65.48456253409641,93.56291076665052,46.59433065089833,12.572538630769682,1.767877995997996,26.83234437221906,54,,IN,,,2025-05-27 11:18:00+00:00,,,pm2_5,db
2024-11-05 00:07:00+00:00,Lucknow,103.09164301958242,102.81923146869597,24.252190182960184,18.768665753453213,0.446477158978256,16.052729810441736,185,,IN,,,2024-11-05 00:07:00+00:00,,,pm2_5,db
2026-04-23 11:30:00+00:00,Chennai,55.913927536887186,123.50298195195734,51.11222791970575,10.543509441410473,1.321969396638429,4.498278989689773,136,,IN,,,2026-04-23 11:30:00+00:00,,,pm2_5,db
2025-10-02 18:34:00+00:00,Lucknow,38.04619082678123,96.63506237196752,43.73853813534019,2.041643693562616,1.0153157462972087,20.158305666664216,117,,IN,,,2025-10-02 18:34:00+00:00,,,pm2_5,db
2025-05-05 12:39:00+00:00,Delhi,93.43495268606858,103.81977283000398,19.560860824939454,8.656847098717003,1.1212483956356107,26.76573358453711,64,,IN,,,2025-05-05 12:39:00+00:00,,,pm2_5,db
2024-08-24 17:25:00+00:00,Ahmedabad,122.93685093834802,185.07378445126682,17.201349741617697,8.275699830704944,0.26827899908149844,19.092929860365135,162,,IN,,,2024-08-24 17:25:00+00:00,,,pm2_5,db
2024-08-01 06:49:00+00:00,Pune,43.64633899830508,24.108438810453805,27.560011191826383,3.625513528842621,0.7352802863169632,16.231392218324117,133,,IN,,,2024-08-01 06:49:00+00:00,,,pm2_5,db
2026-02-06 06:27:00+00:00,Lucknow,113.23117780070746,58.50309674903876,13.548216323180405,21.021481169927885,2.4525335846202037,13.284333711746584,114,,IN,,,2026-02-06 06:27:00+00:00,,,pm2_5,db
2024-08-28 04:49:00+00:00,Chennai,35.328573039294064,100.18888616231561,41.66006364092616,12.608596446799712,0.8119219643849503,23.66177035483959,43,,IN,,,2024-08-28 04:49:00+00:00,,,pm2_5,db
2024-05-29 17:03:00+00:00,Hyderabad,65.8042472406564,87.78691124723936,37.073077838177085,16.07629490691897,1.077714663834233,28.517564083992035,143,,IN,,,2024-05-29 17:03:00+00:00,,,pm2_5,db
2026-02-11 19:51:00+00:00,Ahmedabad,67.91235654183271,106.10853606346042,61.39752463395892,19.440129414851455,1.1929232762782505,17.369427903052326,62,,IN,,,2026-02-11 19:51:00+00:00,,,pm2_5,db
2026-01-12 02:03:00+00:00,Bengaluru,72.00358508479027,40.21656052103229,43.91157722337271,12.726522029286178,0.444784657792761,20.284751925500508,158,,IN,,,2026-01-12 02:03:00+00:00,,,pm2_5,db
2025-08-26 14:46:00+00:00,Pune,57.41279329835098,99.92090487172459,32.288437681537026,18.828951837958943,0.1,22.631497354903157,152,,IN,,,2025-08-26 14:46:00+00:00,,,pm2_5,db
2024-11-24 01:08:00+00:00,Mumbai,16.081955438035436,123.11981934856439,55.91025321246278,0.7968315705031745,1.431914006849094,21.714747768771062,135,,IN,,,2024-11-24 01:08:00+00:00,,,pm2_5,db
2025-09-26 05:17:00+00:00,Delhi,92.50111486747397,133.30620967950827,55.984674081149166,17.064471333866162,1.219543339464788,42.43934526167792,170,,IN,,,2025-09-26 05:17:00+00:00,,,pm2_5,db
2025-12-22 13:31:00+00:00,Mumbai,61.66364539648012,82.10304706798892,44.843759018922796,2.9301782613108065,1.3911751712088307,23.093489424948405,221,,IN,,,2025-12-22 13:31:00+00:00,,,pm2_5,db
2024-07-22 14:43:00+00:00,Pune,78.26936727846612,47.118389773870376,28.995702406526988,2.9679568444311046,0.7408600788168627,40.11228433276722,184,,IN,,,2024-07-22 14:43:00+00:00,,,pm2_5,db
2025-12-15 22:56:00+00:00,Lucknow,60.81955232190652,61.33759402475489,19.932895839051284,11.872056829307464,1.577656018053348,31.087614722244396,1,,IN,,,2025-12-15 22:56:00+00:00,,,pm2_5,db
2025-05-30 17:45:00+00:00,Pune,70.34725713431733,174.6483872660483,1.0,6.453379448853367,1.2954531613966773,9.184056005460576,243,,IN,,,2025-05-30 17:45:00+00:00,,,pm2_5,db
2025-09-06 17:25:00+00:00,Kolkata,45.72640846195514,142.55054759864842,46.027073339835574,11.39726812082301,1.117200446349348,27.70343239281726,79,,IN,,,2025-09-06 17:25:00+00:00,,,pm2_5,db
2024-12-29 07:09:00+00:00,Hyderabad,69.58484660883738,149.9929698764118,14.121958770323861,9.249945818082534,1.7407277738294866,17.56411771187436,82,,IN,,,2024-12-29 07:09:00+00:00,,,pm2_5,db
2025-12-04 14:28:00+00:00,Chennai,60.285651389016486,163.15842361747957,42.8519097384979,15.05092040134037,1.2770582506620467,48.276531003460846,125,,IN,,,2025-12-04 14:28:00+00:00,,,pm2_5,db
2024-08-11 11:35:00+00:00,Delhi,48.55751422607936,114.31521777372132,49.64326027290791,0.386442753646449,0.3741763929469303,8.987220628811464,84,,IN,,,2024-08-11 11:35:00+00:00,,,pm2_5,db
2024-12-20 12:55:00+00:00,Bengaluru,66.90685448321385,53.48936464430534,1.0,10.326121512342294,0.7641119831808321,29.593857717166117,189,,IN,,,2024-12-20 12:55:00+00:00,,,pm2_5,db
2026-05-13 00:39:00+00:00,Pune,63.456035801467046,140.40532341503416,33.43817061172603,13.1803882336088,0.6476633685650588,23.203885861685414,153,,IN,,,2026-05-13 00:39:00+00:00,,,pm2_5,db
2024-10-05 00:54:00+00:00,Jaipur,73.02918139330282,99.36644832338484,28.236867490078044,14.977114252144439,0.1,12.03527671925239,36,,IN,,,2024-10-05 00:54:00+00:00,,,pm2_5,db
2026-01-24 05:03:00+00:00,Mumbai,78.73584749319352,98.60463734469701,32.96685122912778,16.535304980264755,1.663843066133846,24.308620652738604,234,,IN,,,2026-01-24 05:03:00+00:00,,,pm2_5,db
2025-08-16 02:51:00+00:00,Hyderabad,45.13999119503162,50.77853949739935,16.677992193995216,7.8518998715534245,1.401792509689301,42.20769831165984,43,,IN,,,2025-08-16 02:51:00+00:00,,,pm2_5,db
2024-06-22 01:36:00+00:00,Hyderabad,71.86742721158005,104.75653397249094,2.5364126122870445,15.569781949410906,0.6974996435956344,19.660997616264453,65,,IN,,,2024-06-22 01:36:00+00:00,,,pm2_5,db
2025-04-13 13:47:00+00:00,Hyderabad,55.268891476589864,123.14648009129924,35.42882780893265,17.923969933169,0.8286069245678104,10.231421831542683,214,,IN,,,2025-04-13 13:47:00+00:00,,,pm2_5,db
2025-08-30 10:56:00+00:00,Mumbai,69.58442782956176,104.7544987918662,35.23163841069443,21.706075360757797,2.0384902645268763,25.69381135132779,151,,IN,,,2025-08-30 10:56:00+00:00,,,pm2_5,db
2024-12-22 14:25:00+00:00,Bengaluru,68.32675931545637,108.96548608184574,34.7086231718633,4.999787164303566,0.20521625334551552,4.270165640087082,61,,IN,,,2024-12-22 14:25:00+00:00,,,pm2_5,db
2024-06-09 07:25:00+00:00,Lucknow,108.43077906073792,154.23973479629194,15.568633254875591,12.086250714705741,0.7964608818248374,22.15636161959905,152,,IN,,,2024-06-09 07:25:00+00:00,,,pm2_5,db
2024-12-30 05:47:00+00:00,Pune,86.59628831835896,64.32247095430384,30.095085935434028,25.586042359574993,1.1115398713126377,39.33214506606173,146,,IN,,,2024-12-30 05:47:00+00:00,,,pm2_5,db
2026-03-17 20:30:00+00:00,Delhi,55.73981047089489,78.82070413098322,36.4545203843633,4.890776864885392,1.3327926181567147,35.852870044459095,165,,IN,,,2026-03-17 20:30:00+00:00,,,pm2_5,db
2024-12-04 13:20:00+00:00,Bengaluru,52.283173611339684,147.42188501860596,2.528908736773147,7.986355791288123,0.1,10.04939169772795,235,,IN,,,2024-12-04 13:20:00+00:00,,,pm2_5,db
2024-09-03 05:36:00+00:00,Ahmedabad,22.437413598977578,5.0,21.84756738101048,24.522490073484413,1.2174421357318237,19.404277139505105,172,,IN,,,2024-09-03 05:36:00+00:00,,,pm2_5,db
2025-10-10 18:23:00+00:00,Delhi,62.486936825393464,106.55597392715806,41.86209182535121,12.067871357416314,1.3341630090539984,18.116277177692407,202,,IN,,,2025-10-10 18:23:00+00:00,,,pm2_5,db
2026-05-06 22:33:00+00:00,Lucknow,37.807608607136004,163.4313734528093,27.129840199574097,18.422928352399342,0.7787321440539081,39.55045576270712,149,,IN,,,2026-05-06 22:33:00+00:00,,,pm2_5,db
2025-03-26 11:28:00+00:00,Bengaluru,50.95573806389572,72.35511616300167,23.271536879574686,12.714003703858832,0.21712046390974282,31.374709026511216,102,,IN,,,2025-03-26 11:28:00+00:00,,,pm2_5,db
2025-07-16 17:29:00+00:00,Lucknow,40.33585562239578,42.541273950635926,17.606558004540712,11.48599540665366,0.9103866872751225,22.466224310519852,128,,IN,,,2025-07-16 17:29:00+00:00,,,pm2_5,db
2024-06-25 17:21:00+00:00,Pune,77.67124102247627,136.50663881541936,35.77556906484151,13.339200656507579,1.1482090004043297,45.350733027310675,133,,IN,,,2024-06-25 17:21:00+00:00,,,pm2_5,db
2026-03-08 07:35:00+00:00,Kolkata,34.19343323555408,60.22112849595699,16.668040301536223,9.575917710087571,1.1671475642488573,25.511420585521616,86,,IN,,,2026-03-08 07:35:00+00:00,,,pm2_5,db
2025-01-16 07:11:00+00:00,Bengaluru,56.00879231444957,83.88335421341152,38.226418812446994,11.127841524916626,0.2759363702924762,24.32019744015595,158,,IN,,,2025-01-16 07:11:00+00:00,,,pm2_5,db
2025-10-09 12:38:00+00:00,Delhi,23.62943786855527,163.44744400048683,48.71924977589148,8.484895994182212,1.1817271689195366,1.0,59,,IN,,,2025-10-09 12:38:00+00:00,,,pm2_5,db
2025-12-05 11:52:00+00:00,Pune,77.85991206576647,189.89186122991975,12.350779208560471,4.975219575488843,1.1177241841549652,41.11116148499621,54,,IN,,,2025-12-05 11:52:00+00:00,,,pm2_5,db
2024-12-10 19:44:00+00:00,Delhi,18.70602129551832,58.75723172616672,23.645900903087426,6.876469522867534,1.4063006438768224,27.41659719820838,15,,IN,,,2024-12-10 19:44:00+00:00,,,pm2_5,db
2025-03-10 01:47:00+00:00,Mumbai,91.86118042353098,84.8964985425232,20.450770753466465,13.246789664827189,1.3814632411684684,29.480993639362037,22,,IN,,,2025-03-10 01:47:00+00:00,,,pm2_5,db
2024-06-18 08:06:00+00:00,Lucknow,65.88190278970659,53.05062258403759,36.69483221314596,5.160406574155765,0.35868267486973915,32.138201364824,156,,IN,,,2024-06-18 08:06:00+00:00,,,pm2_5,db
2024-11-01 02:37:00+00:00,Lucknow,48.98368946075644,111.28430695883739,34.03370171517901,6.282004395228318,1.2355681466999646,19.665476528352755,111,,IN,,,2024-11-01 02:37:00+00:00,,,pm2_5,db
2025-09-16 06:14:00+00:00,Pune,1.0,174.43747980047578,68.23991928910505,7.568384407304009,0.1,21.895160238040564,119,,IN,,,2025-09-16 06:14:00+00:00,,,pm2_5,db
2026-02-20 20:11:00+00:00,Hyderabad,74.48902856191194,130.98029501144345,7.583915702710403,14.195180390169327,2.0263424909729455,26.7196033243706,116,,IN,,,2026-02-20 20:11:00+00:00,,,pm2_5,db
2024-08-21 02:34:00+00:00,Hyderabad,16.733209862319548,116.57562811909209,24.14304075805785,21.086950077736272,0.912913633097521,41.678876111195194,62,,IN,,,2024-08-21 02:34:00+00:00,,,pm2_5,db
2024-10-08 13:01:00+00:00,Chennai,38.273818803380436,117.09584458547762,48.187782552474005,8.057249774280397,0.15401867541511838,24.82437173522554,76,,IN,,,2024-10-08 13:01:00+00:00,,,pm2_5,db
2024-12-07 08:53:00+00:00,Lucknow,17.358694599612072,45.37366642717288,37.23100253288288,6.863687822981918,0.1,32.84844036608135,159,,IN,,,2024-12-07 08:53:00+00:00,,,pm2_5,db
2024-12-18 20:14:00+00:00,Bengaluru,80.89519740785843,123.97402490241718,65.7390342402611,12.521131592349624,1.1938515706310073,23.330720698914348,197,,IN,,,2024-12-18 20:14:00+00:00,,,pm2_5,db
2025-04-26 22:59:00+00:00,Jaipur,46.96692703406788,92.5837010822415,22.813452436320297,14.744810327073935,1.749187220148366,20.411595068506994,110,,IN,,,2025-04-26 22:59:00+00:00,,,pm2_5,db
2025-05-23 22:25:00+00:00,Ahmedabad,83.80134132849724,19.928908375238137,17.599424296246582,5.305501996231325,0.1,15.36361555631196,75,,IN,,,2025-05-23 22:25:00+00:00,,,pm2_5,db
2025-05-25 18:18:00+00:00,Mumbai,53.87348372023244,68.76745118915385,29.145681881797064,16.295041728648094,0.5120205919425476,15.894251160785513,179,,IN,,,2025-05-25 18:18:00+00:00,,,pm2_5,db
2025-02-25 05:24:00+00:00,Kolkata,59.65883020511758,138.06654592358268,14.473828289390386,9.927492095270395,0.8946549928184215,12.841090758958693,30,,IN,,,2025-02-25 05:24:00+00:00,,,pm2_5,db
2025-03-24 13:46:00+00:00,Kolkata,34.44299295881676,106.15284252306671,46.92028286023954,0.1,0.2516806550483368,15.771135581047325,242,,IN,,,2025-03-24 13:46:00+00:00,,,pm2_5,db
2025-01-10 05:55:00+00:00,Ahmedabad,31.495977021844237,65.21856498917896,36.717205750840655,10.34964598561268,1.2743694094320632,23.12329009071548,159,,IN,,,2025-01-10 05:55:00+00:00,,,pm2_5,db
2024-05-20 22:11:00+00:00,Bengaluru,80.17520704861177,45.20512022432921,1.0,16.010472385909043,1.5938625466309682,14.793769804866626,9,,IN,,,2024-05-20 22:11:00+00:00,,,pm2_5,db
2024-05-17 06:51:00+00:00,Kolkata,104.93986306085787,130.65190288405805,24.424249551214576,4.641216270490824,1.0057256458353272,22.007352961147436,68,,IN,,,2024-05-17 06:51:00+00:00,,,pm2_5,db
2025-07-28 21:59:00+00:00,Lucknow,88.40121708888572,73.1659840876349,42.82528986445918,13.83775845698741,1.2212728121020264,37.49665267043777,184,,IN,,,2025-07-28 21:59:00+00:00,,,pm2_5,db
2024-12-31 19:04:00+00:00,Pune,68.51978520005265,38.655554811432665,31.254316161158357,6.662848246905249,0.36007952117998976,41.81816619300824,261,,IN,,,2024-12-31 19:04:00+00:00,,,pm2_5,db
2024-12-31 02:53:00+00:00,Jaipur,93.76562802381642,110.48212722407303,33.04195915346669,3.4391717772281023,1.1984956522494201,25.60385928424417,48,,IN,,,2024-12-31 02:53:00+00:00,,,pm2_5,db
2024-05-16 22:00:00+00:00,Mumbai,104.939029166116,145.76853314053636,30.17168158637199,11.492723858806498,1.022106189052099,22.970860152044523,64,,IN,,,2024-05-16 22:00:00+00:00,,,pm2_5,db
2024-11-29 17:03:00+00:00,Delhi,28.74211152692134,130.44887258190138,35.86896989899852,0.1,0.9386576812524364,34.95701385899923,214,,IN,,,2024-11-29 17:03:00+00:00,,,pm2_5,db
2026-02-10 20:15:00+00:00,Jaipur,38.873866800771225,66.65204690567758,35.16907357125536,12.275680206190978,1.6436655558025328,35.99979650342084,130,,IN,,,2026-02-10 20:15:00+00:00,,,pm2_5,db
2026-05-01 03:25:00+00:00,Ahmedabad,65.43077987026312,101.91667018442384,21.331588378835164,11.517308889819393,0.7480211292946948,18.71933916274626,161,,IN,,,2026-05-01 03:25:00+00:00,,,pm2_5,db
2025-02-26 03:40:00+00:00,Pune,66.83010057130306,64.42283995633701,22.781383142018818,18.626661639498774,0.41896024363285644,3.833455510294691,9,,IN,,,2025-02-26 03:40:00+00:00,,,pm2_5,db
2026-02-14 15:22:00+00:00,Pune,57.05972861437198,158.56759315714007,1.0,12.37560324658494,1.7807191009017866,13.72219235108286,113,,IN,,,2026-02-14 15:22:00+00:00,,,pm2_5,db
2026-02-04 20:47:00+00:00,Pune,51.843449874424,167.09941134738017,57.56080013231281,7.984364649759113,1.952530107032235,25.35576476984625,262,,IN,,,2026-02-04 20:47:00+00:00,,,pm2_5,db
2026-02-20 15:23:00+00:00,Lucknow,69.13686181607086,237.1541471747014,42.769283622671836,5.756412820291218,1.484498935137929,21.381674629156585,105,,IN,,,2026-02-20 15:23:00+00:00,,,pm2_5,db
2024-10-04 08:22:00+00:00,Bengaluru,66.96439786279515,110.5594088746117,35.04874689908152,12.549795384616896,0.1,31.665726686095336,71,,IN,,,2024-10-04 08:22:00+00:00,,,pm2_5,db
2024-07-25 11:45:00+00:00,Delhi,62.099525082861355,82.25975341710877,42.465477865019615,1.9469490017745592,0.7965281256137206,19.151258650669995,136,,IN,,,2024-07-25 11:45:00+00:00,,,pm2_5,db
2024-06-15 00:28:00+00:00,Delhi,78.1070669364057,112.52009473338799,1.6208062003213435,0.1,0.9938403535353444,22.79032682213646,132,,IN,,,2024-06-15 00:28:00+00:00,,,pm2_5,db
2026-02-12 18:54:00+00:00,Chennai,83.69124024620749,65.55580396329768,12.42042610648808,3.4400568526757045,1.1444583335843534,37.44947378646445,109,,IN,,,2026-02-12 18:54:00+00:00,,,pm2_5,db
2024-07-23 19:50:00+00:00,Kolkata,39.17408193009971,87.69084450019142,23.874170591179105,10.231486737885502,0.8441268345887765,35.49339610543407,92,,IN,,,2024-07-23 19:50:00+00:00,,,pm2_5,db
2025-11-01 17:17:00+00:00,Hyderabad,21.608948251847018,125.58766821280008,31.538297755894003,9.115345060490995,1.7941380535746312,18.77792554705282,284,,IN,,,2025-11-01 17:17:00+00:00,,,pm2_5,db
2026-02-27 17:06:00+00:00,Mumbai,61.74798952487063,66.95019198724927,18.7236622827975,12.382199800092947,1.2777910443250624,18.77832299745742,209,,IN,,,2026-02-27 17:06:00+00:00,,,pm2_5,db
2026-01-25 13:52:00+00:00,Delhi,35.92704090583278,131.17653628502887,50.45143068128548,0.1,0.8410467256857688,16.329947436765735,148,,IN,,,2026-01-25 13:52:00+00:00,,,pm2_5,db
2025-12-02 07:31:00+00:00,Bengaluru,107.05437200510124,103.21120814318486,36.20688475785321,8.60638402045459,1.037856643978417,25.060166804360716,171,,IN,,,2025-12-02 07:31:00+00:00,,,pm2_5,db
2025-04-30 20:57:00+00:00,Bengaluru,67.74050204772917,133.58187544142407,12.737032362216496,9.472739545506277,1.4701447324417944,33.659686384171536,154,,IN,,,2025-04-30 20:57:00+00:00,,,pm2_5,db
2025-01-03 21:36:00+00:00,Bengaluru,90.00765645648303,121.57436627828444,24.66452526643448,12.015047541598141,0.1,28.828857363850496,1,,IN,,,2025-01-03 21:36:00+00:00,,,pm2_5,db
2025-04-21 20:09:00+00:00,Chennai,71.93823343166989,63.50284879440278,19.31846937181592,18.223245931684794,0.757984934213662,47.429203124029854,139,,IN,,,2025-04-21 20:09:00+00:00,,,pm2_5,db
2025-12-14 19:12:00+00:00,Pune,63.27567790483549,69.90624077236795,28.35408822458565,9.786335582859454,0.3176291738992173,22.441679286591768,88,,IN,,,2025-12-14 19:12:00+00:00,,,pm2_5,db
2025-04-13 19:07:00+00:00,Chennai,52.93010627131075,105.75272277509696,33.34683027609249,13.700885198138678,0.5001438856653093,14.584123673787282,217,,IN,,,2025-04-13 19:07:00+00:00,,,pm2_5,db
2025-09-07 15:35:00+00:00,Chennai,71.09531773457762,128.53479224130749,7.039271141149403,11.376890292781638,1.3677915462141867,28.74386451706263,184,,IN,,,2025-09-07 15:35:00+00:00,,,pm2_5,db
2025-04-07 06:53:00+00:00,Lucknow,52.43450601323884,90.68839365101421,43.0583341412959,18.87564706404538,1.8971850273001793,38.14807871505905,132,,IN,,,2025-04-07 06:53:00+00:00,,,pm2_5,db
2025-06-28 03:43:00+00:00,Jaipur,63.02944873248655,115.23056751646178,42.35629697814273,9.644304123844407,0.6353565318131693,20.855269341641414,184,,IN,,,2025-06-28 03:43:00+00:00,,,pm2_5,db
2024-08-13 19:05:00+00:00,Mumbai,76.75198105505474,95.00634148409561,41.34372245444709,12.273055620750366,0.3825934565442607,39.42304791186244,104,,IN,,,2024-08-13 19:05:00+00:00,,,pm2_5,db
2026-02-01 18:14:00+00:00,Lucknow,34.47387098304195,112.08693274630134,25.892242416806443,7.979008194156442,1.3098509827412395,28.398753611927038,162,,IN,,,2026-02-01 18:14:00+00:00,,,pm2_5,db
2024-10-08 23:32:00+00:00,Ahmedabad,7.301166455563923,95.42246990942155,1.0,10.216359560786772,0.9976835138878274,35.4553227478968,223,,IN,,,2024-10-08 23:32:00+00:00,,,pm2_5,db
2025-03-01 10:41:00+00:00,Hyderabad,72.12902781364345,88.88329450702746,29.979110228349768,15.916817901764606,0.7211143270052882,33.05678639242501,187,,IN,,,2025-03-01 10:41:00+00:00,,,pm2_5,db
2025-01-04 20:32:00+00:00,Chennai,77.46415863428763,114.0770354949063,18.565148129585218,4.84476388854658,0.7311687115484888,30.425944632919602,73,,IN,,,2025-01-04 20:32:00+00:00,,,pm2_5,db
2026-04-28 00:44:00+00:00,Lucknow,54.89828538902878,114.38591018296034,66.67695217588374,1.7361060668777952,1.7360072832450668,26.4984241398728,168,,IN,,,2026-04-28 00:44:00+00:00,,,pm2_5,db
2024-11-18 11:35:00+00:00,Chennai,56.15787239094956,168.16200725829833,23.152932836629162,16.793407433075487,0.6778164398934885,24.39748153598713,64,,IN,,,2024-11-18 11:35:00+00:00,,,pm2_5,db
2025-12-17 03:50:00+00:00,Kolkata,58.066095504478646,102.12457205184361,13.280745553981099,8.624244078686152,0.20360287013923617,15.871220132811727,155,,IN,,,2025-12-17 03:50:00+00:00,,,pm2_5,db
2025-03-18 09:37:00+00:00,Bengaluru,45.335372873227485,167.41200626581758,33.65628720602472,9.092514119521745,1.2162972258630762,25.61916483679959,147,,IN,,,2025-03-18 09:37:00+00:00,,,pm2_5,db
2025-09-10 10:06:00+00:00,Mumbai,21.40936993694796,136.12979533124908,25.8494986487143,6.423466602063,1.0042528133615767,32.94932252915628,152,,IN,,,2025-09-10 10:06:00+00:00,,,pm2_5,db
2026-05-08 00:59:00+00:00,Bengaluru,58.323039261218064,173.16742011926527,37.418349829842796,15.841981068064541,1.6209799984069055,36.30099316404514,182,,IN,,,2026-05-08 00:59:00+00:00,,,pm2_5,db
2024-06-20 08:40:00+00:00,Mumbai,32.56655813632391,138.02892627438342,9.66279043310169,5.23240326924967,1.6517825339040437,33.402201626941974,244,,IN,,,2024-06-20 08:40:00+00:00,,,pm2_5,db
2025-12-20 04:29:00+00:00,Ahmedabad,53.98907007324143,114.08125188962296,31.184830745100147,16.80208287254021,0.8193647874982772,28.520344718029243,70,,IN,,,2025-12-20 04:29:00+00:00,,,pm2_5,db
2024-06-21 05:00:00+00:00,Hyderabad,41.254666542887065,100.56682551300588,27.237363802271677,8.379069223977423,1.8856706211338419,24.015539976921204,122,,IN,,,2024-06-21 05:00:00+00:00,,,pm2_5,db
2026-02-01 06:49:00+00:00,Bengaluru,53.423164388591175,82.56589295293429,50.72561390066696,9.010373347622687,1.6442221246591262,25.61704634050368,142,,IN,,,2026-02-01 06:49:00+00:00,,,pm2_5,db
2025-05-17 12:45:00+00:00,Mumbai,102.96987507624648,17.21557092995127,1.0,6.740975013663316,1.0072639409687845,31.901044247640122,173,,IN,,,2025-05-17 12:45:00+00:00,,,pm2_5,db
2024-09-19 03:10:00+00:00,Chennai,85.75488507881828,117.36231325086263,44.43986358730262,11.635871580592774,0.7192584866085582,31.978168390000047,147,,IN,,,2024-09-19 03:10:00+00:00,,,pm2_5,db
2026-02-11 22:58:00+00:00,Delhi,1.0,53.29263319361721,12.193943604384447,7.820436114587166,0.872695915116985,9.926743522269525,71,,IN,,,2026-02-11 22:58:00+00:00,,,pm2_5,db
2025-06-20 09:49:00+00:00,Ahmedabad,105.04354869367867,93.53002329261403,24.54625064539802,3.104776016870235,0.1,23.83119813591476,70,,IN,,,2025-06-20 09:49:00+00:00,,,pm2_5,db
2025-11-18 02:49:00+00:00,Mumbai,40.95063854224355,115.94508381211324,35.493143966759064,12.504831752452088,0.33975550792148135,33.546857301355615,83,,IN,,,2025-11-18 02:49:00+00:00,,,pm2_5,db
2024-07-01 08:00:00+00:00,Jaipur,25.590312523051303,97.35209181675248,35.48045613095651,13.677792282847594,0.9295060512777907,40.31778890601053,210,,IN,,,2024-07-01 08:00:00+00:00,,,pm2_5,db
2026-03-27 11:03:00+00:00,Jaipur,108.34483712970467,188.41938403132107,11.580001787662539,4.440801333057096,1.7424593933669255,14.417189491623628,47,,IN,,,2026-03-27 11:03:00+00:00,,,pm2_5,db
2025-03-18 12:10:00+00:00,Delhi,57.44008233472259,83.97745518377631,19.886813074132363,5.725977613523748,0.5602451856705287,47.81632877276061,160,,IN,,,2025-03-18 12:10:00+00:00,,,pm2_5,db
2025-08-02 10:12:00+00:00,Lucknow,55.35108307034878,81.4578407451858,1.0,1.7319443389128022,0.1,2.5021622204839247,56,,IN,,,2025-08-02 10:12:00+00:00,,,pm2_5,db
2026-01-26 23:45:00+00:00,Delhi,92.26409405802934,126.43930307603502,41.73838238572739,4.594618028172549,1.2619754770963354,32.28714234074346,99,,IN,,,2026-01-26 23:45:00+00:00,,,pm2_5,db
2025-07-09 21:48:00+00:00,Bengaluru,46.261184471747924,65.08926270916021,12.238075021525916,10.519033251528771,1.1635049343946573,17.074741695420855,141,,IN,,,2025-07-09 21:48:00+00:00,,,pm2_5,db
2025-01-03 05:11:00+00:00,Pune,98.79700300306222,161.07923328792174,14.980628508651838,20.101517257228135,0.7345117477221426,35.448728124544274,144,,IN,,,2025-01-03 05:11:00+00:00,,,pm2_5,db
2026-03-21 19:55:00+00:00,Chennai,55.7108872445913,47.62467058777564,44.50948853764159,19.100755942835487,0.6015445053516548,28.019707425192713,89,,IN,,,2026-03-21 19:55:00+00:00,,,pm2_5,db
2025-01-03 23:20:00+00:00,Chennai,59.03654345391469,179.58592167724046,22.766512819456185,15.996017994846934,1.048706706478891,32.95778009744233,108,,IN,,,2025-01-03 23:20:00+00:00,,,pm2_5,db
2025-11-16 12:15:00+00:00,Ahmedabad,39.098572128855324,136.4832613832701,39.753735083675465,13.5613281694334,1.7684828269588224,39.49344801236303,113,,IN,,,2025-11-16 12:15:00+00:00,,,pm2_5,db
2026-03-19 22:34:00+00:00,Delhi,60.583882902863884,86.01002203524541,54.301054637040764,12.182188902057778,0.8909854359477889,36.93618571856377,1,,IN,,,2026-03-19 22:34:00+00:00,,,pm2_5,db
2025-05-11 04:27:00+00:00,Mumbai,61.5117112029342,120.01785201043043,10.104058450221768,9.860597734897803,2.0017547052006712,33.24199619795863,151,,IN,,,2025-05-11 04:27:00+00:00,,,pm2_5,db
2024-09-08 10:46:00+00:00,Pune,6.770052769999559,120.30561683684643,42.68224662722781,0.54628403697631,0.669291553846592,13.425353677665779,72,,IN,,,2024-09-08 10:46:00+00:00,,,pm2_5,db
2026-02-14 13:22:00+00:00,Lucknow,1.0,134.57081753428255,41.307826049005236,8.493384471778525,0.1,15.035813739976104,226,,IN,,,2026-02-14 13:22:00+00:00,,,pm2_5,db
2025-02-08 03:25:00+00:00,Lucknow,30.499980538318525,142.18281206339347,19.87329071784808,12.423724124413669,1.2827302095845465,43.362258397300195,125,,IN,,,2025-02-08 03:25:00+00:00,,,pm2_5,db
2025-05-28 12:27:00+00:00,Lucknow,89.7603390823436,79.57964607714541,21.588687538683814,9.866513230904735,0.21855782733007523,27.28770028928938,207,,IN,,,2025-05-28 12:27:00+00:00,,,pm2_5,db
2025-05-30 22:12:00+00:00,Lucknow,56.90476764175851,139.68115611917963,1.8301685105113847,3.551403917093716,1.4382718020407599,27.700954341972867,168,,IN,,,2025-05-30 22:12:00+00:00,,,pm2_5,db
2026-04-25 05:04:00+00:00,Kolkata,76.44720026082948,218.42982108873304,26.79293162864264,5.2127034182890295,1.2138981991235664,29.38991029388895,103,,IN,,,2026-04-25 05:04:00+00:00,,,pm2_5,db
2026-05-09 11:57:00+00:00,Chennai,68.17108675970057,80.70858474391697,43.73895453419398,9.345129090631993,0.8735592768410844,30.62272871914493,49,,IN,,,2026-05-09 11:57:00+00:00,,,pm2_5,db
2024-08-07 06:03:00+00:00,Lucknow,107.8238701932938,128.64710648789242,24.35681844324803,6.957368317430548,0.7948300133274453,22.46037321952219,113,,IN,,,2024-08-07 06:03:00+00:00,,,pm2_5,db
2024-06-29 04:58:00+00:00,Lucknow,81.55000126030335,94.81253899429755,35.654216785430584,3.2380725387948175,1.664315533424718,37.45634960171873,207,,IN,,,2024-06-29 04:58:00+00:00,,,pm2_5,db
2026-01-09 03:58:00+00:00,Hyderabad,70.12137719089273,45.78915011469729,29.63553924343777,12.187206934199576,1.2780376369115753,26.772613669488557,160,,IN,,,2026-01-09 03:58:00+00:00,,,pm2_5,db
2026-04-23 10:42:00+00:00,Mumbai,1.0,97.30245780649273,27.53023458684073,0.1,1.047091529116156,37.487577724105066,63,,IN,,,2026-04-23 10:42:00+00:00,,,pm2_5,db
2025-12-04 17:26:00+00:00,Hyderabad,43.20219940800808,169.0957453668014,21.861632698322623,12.773274934063748,0.1,43.6231756139488,182,,IN,,,2025-12-04 17:26:00+00:00,,,pm2_5,db
2025-05-25 15:56:00+00:00,Chennai,24.75451427630474,157.3012296701063,25.140228367553547,8.775582909709392,0.7541721925172578,19.193485972544153,188,,IN,,,2025-05-25 15:56:00+00:00,,,pm2_5,db
2026-03-11 06:32:00+00:00,Chennai,59.78013276286072,130.52799244308724,23.717268841124426,23.37839104845729,0.2160347917847507,37.609373235629846,235,,IN,,,2026-03-11 06:32:00+00:00,,,pm2_5,db
2024-07-19 11:13:00+00:00,Delhi,84.88725707363295,148.84556027291646,30.42033280538815,8.69664305068794,0.8952955864801959,28.905305963195172,238,,IN,,,2024-07-19 11:13:00+00:00,,,pm2_5,db
2025-09-02 04:40:00+00:00,Delhi,80.6106765596245,146.8460298557917,39.81989292671679,14.472993439149896,0.8645359349210959,15.710108328694204,79,,IN,,,2025-09-02 04:40:00+00:00,,,pm2_5,db
2025-05-12 12:31:00+00:00,Hyderabad,57.91378041933516,92.40049181881164,1.0,2.516095181834986,1.5604203257015834,18.353739999368692,165,,IN,,,2025-05-12 12:31:00+00:00,,,pm2_5,db
2025-07-20 05:13:00+00:00,Ahmedabad,56.39930849863309,121.60161585934141,64.88669687822528,19.098640603536424,0.8467171893564711,19.067798151296408,117,,IN,,,2025-07-20 05:13:00+00:00,,,pm2_5,db
2026-01-04 17:38:00+00:00,Jaipur,50.118896374913206,168.6872500283617,28.286851623332446,23.797534558223916,1.0453712818760865,42.85318394224727,165,,IN,,,2026-01-04 17:38:00+00:00,,,pm2_5,db
2025-09-16 22:57:00+00:00,Ahmedabad,38.656019435314704,128.3882382005995,44.828298636979724,10.241539012002777,0.35680333245815143,11.39741633710673,40,,IN,,,2025-09-16 22:57:00+00:00,,,pm2_5,db
2025-11-08 08:07:00+00:00,Hyderabad,88.12609804270063,109.46336852300765,1.0,8.855437237992708,0.9186005016836964,45.95998750225439,38,,IN,,,2025-11-08 08:07:00+00:00,,,pm2_5,db
2024-09-03 06:11:00+00:00,Jaipur,71.2494585336637,132.53252294065697,31.718766555358172,11.979661231943588,1.3888047651392679,16.90513681107234,201,,IN,,,2024-09-03 06:11:00+00:00,,,pm2_5,db
2025-04-28 19:08:00+00:00,Ahmedabad,64.46852408215818,85.34827647231569,29.659720870115297,6.264759084006681,0.4641493365691278,21.463852583863556,62,,IN,,,2025-04-28 19:08:00+00:00,,,pm2_5,db
2025-12-06 13:44:00+00:00,Mumbai,77.79942557477628,62.740837282847195,21.505576266284905,6.252379550708926,1.6625733644374194,28.302899456165918,125,,IN,,,2025-12-06 13:44:00+00:00,,,pm2_5,db
2025-02-24 17:14:00+00:00,Chennai,58.92166025897731,189.90056711219052,31.985197596040088,10.407479015016014,1.274064189821098,33.956052433143455,1,,IN,,,2025-02-24 17:14:00+00:00,,,pm2_5,db
2024-11-02 12:45:00+00:00,Lucknow,42.12808595256226,162.48101048879658,25.272384151721642,0.1,0.3659930415780015,1.0,123,,IN,,,2024-11-02 12:45:00+00:00,,,pm2_5,db
2026-03-08 12:47:00+00:00,Jaipur,86.97197597574348,157.94079346066775,27.44417364965833,0.1,1.3086407902461292,30.553602285085756,161,,IN,,,2026-03-08 12:47:00+00:00,,,pm2_5,db
2025-06-21 15:50:00+00:00,Ahmedabad,110.21888465462847,71.62288987432528,41.23834390801282,0.1,0.5348676563649746,40.16368646725336,121,,IN,,,2025-06-21 15:50:00+00:00,,,pm2_5,db
2024-12-29 03:24:00+00:00,Delhi,57.37604609999568,164.55401299730758,26.450117630221495,0.1,0.5983799540241475,30.511917287016942,167,,IN,,,2024-12-29 03:24:00+00:00,,,pm2_5,db
2024-10-03 17:03:00+00:00,Mumbai,45.456966269943834,95.381216235431,9.361296170976729,6.229773351283129,0.6356947573702363,32.715332597619195,196,,IN,,,2024-10-03 17:03:00+00:00,,,pm2_5,db
2024-11-23 22:54:00+00:00,Lucknow,63.498107800977834,77.336995701777,12.797518767488388,4.3586727464456985,0.6825934180142716,13.365262002077289,151,,IN,,,2024-11-23 22:54:00+00:00,,,pm2_5,db
2025-03-23 23:25:00+00:00,Bengaluru,60.62821778040083,101.20256818934658,35.12263028305205,9.922367391378472,0.2732003600341846,12.376107011428346,142,,IN,,,2025-03-23 23:25:00+00:00,,,pm2_5,db
2025-07-04 08:59:00+00:00,Hyderabad,68.6431644950395,157.58488021150572,27.7046118569068,13.301214976158644,0.6484654595510989,23.806338007231233,26,,IN,,,2025-07-04 08:59:00+00:00,,,pm2_5,db
2025-02-09 05:11:00+00:00,Delhi,35.37512680688896,91.77888619986278,9.203366200947102,1.5401817814967451,0.9130811499526919,17.704228058643537,166,,IN,,,2025-02-09 05:11:00+00:00,,,pm2_5,db
2025-03-10 15:24:00+00:00,Delhi,65.9650197732111,173.11072819727545,13.98609346432671,9.670390802782494,1.5663449102597944,37.645398093380365,40,,IN,,,2025-03-10 15:24:00+00:00,,,pm2_5,db
2024-09-26 09:27:00+00:00,Delhi,72.70197762997662,117.8105212591909,26.73472959848015,7.697194445753528,1.1441095315451622,22.476258750155168,137,,IN,,,2024-09-26 09:27:00+00:00,,,pm2_5,db
2024-08-20 00:56:00+00:00,Mumbai,73.30323434703595,226.56978593661677,3.3452004101088733,11.94407514513988,0.6199049556905472,30.7740257751925,143,,IN,,,2024-08-20 00:56:00+00:00,,,pm2_5,db
2025-12-06 03:12:00+00:00,Kolkata,64.81052794420454,155.28209153656712,1.0,19.54271378749614,1.1875310759461701,35.77843355745182,54,,IN,,,2025-12-06 03:12:00+00:00,,,pm2_5,db
2025-08-08 12:45:00+00:00,Bengaluru,59.574052766563426,121.32274352039958,46.26772741394949,0.1,1.4869095358586546,25.08281909957927,125,,IN,,,2025-08-08 12:45:00+00:00,,,pm2_5,db
2025-11-08 01:49:00+00:00,Lucknow,1.0,135.9357604495485,7.61841246790512,10.320747475704843,0.9404155813360398,36.695381472938834,127,,IN,,,2025-11-08 01:49:00+00:00,,,pm2_5,db
2025-12-09 23:54:00+00:00,Jaipur,91.82206921886659,131.45187876723574,24.21555027715258,8.58132148021292,0.21641145470727652,28.88474200851541,16,,IN,,,2025-12-09 23:54:00+00:00,,,pm2_5,db
2025-10-22 19:55:00+00:00,Bengaluru,119.67379498934807,65.99457785102777,28.460068634390506,20.789726205538376,1.5956948201457073,18.037879484201003,155,,IN,,,2025-10-22 19:55:00+00:00,,,pm2_5,db
2026-02-12 02:17:00+00:00,Pune,42.532989100379254,106.42718389197061,6.029214370849296,10.810740711208492,1.225010336710916,22.72580587356116,26,,IN,,,2026-02-12 02:17:00+00:00,,,pm2_5,db
2025-07-30 07:39:00+00:00,Mumbai,41.849622557475584,98.77598212647744,7.4899589582724175,3.847539233332574,0.7310943268214303,37.284208122801516,95,,IN,,,2025-07-30 07:39:00+00:00,,,pm2_5,db
2025-01-23 19:51:00+00:00,Kolkata,66.19868902129687,104.34417991424792,43.09584900139115,6.791131970688653,0.21373587499877955,11.180509686363674,102,,IN,,,2025-01-23 19:51:00+00:00,,,pm2_5,db
2024-10-18 13:31:00+00:00,Mumbai,48.35579587854805,204.98426200105726,3.934281072943019,11.221799072258808,0.4360234882471655,20.065986596173214,149,,IN,,,2024-10-18 13:31:00+00:00,,,pm2_5,db
2025-11-08 22:31:00+00:00,Chennai,107.5726865568542,91.86246806525628,33.897117852082644,16.149530158752395,0.9180232499865018,19.190398114685166,1,,IN,,,2025-11-08 22:31:00+00:00,,,pm2_5,db
2025-07-10 03:08:00+00:00,Lucknow,34.68290371529596,115.06386841110775,21.24479464790728,6.829443213306846,1.3031455780543542,11.616175886761555,213,,IN,,,2025-07-10 03:08:00+00:00,,,pm2_5,db
2024-08-09 09:04:00+00:00,Delhi,108.07365485166443,155.0941904656969,31.464059887431603,4.356818706992701,0.7353638466500534,25.732753145856964,142,,IN,,,2024-08-09 09:04:00+00:00,,,pm2_5,db
2026-02-16 07:38:00+00:00,Kolkata,54.64062225737215,52.320850574399486,22.252338867587508,15.48774432392108,0.31583285122444127,23.104444884607215,82,,IN,,,2026-02-16 07:38:00+00:00,,,pm2_5,db
2024-11-20 10:09:00+00:00,Ahmedabad,96.93484162436673,130.26332616761016,10.322952513341829,14.027368069682192,0.6126740718689685,19.230036286224664,161,,IN,,,2024-11-20 10:09:00+00:00,,,pm2_5,db
2024-12-24 18:12:00+00:00,Mumbai,40.63724846216512,85.24213789634547,20.154436596778368,6.606167509869767,1.5495957777739064,31.287962936103032,259,,IN,,,2024-12-24 18:12:00+00:00,,,pm2_5,db
2025-08-02 03:37:00+00:00,Kolkata,61.76047818318222,62.95198733426268,18.335911083775994,6.219504938465984,0.4714225629308628,14.481127271015863,129,,IN,,,2025-08-02 03:37:00+00:00,,,pm2_5,db
2024-07-16 23:13:00+00:00,Kolkata,37.056161564562146,222.3827588038557,23.229233235534075,10.432105851502314,0.3523294077669824,42.06091758127639,218,,IN,,,2024-07-16 23:13:00+00:00,,,pm2_5,db
2026-03-22 22:29:00+00:00,Ahmedabad,65.26667194311551,65.1427581593098,51.93532895210041,14.855168391119037,1.047719519243868,1.0,71,,IN,,,2026-03-22 22:29:00+00:00,,,pm2_5,db
2025-05-09 13:28:00+00:00,Chennai,87.72924528730329,46.319479910341784,34.52328460219356,16.093091298897576,0.17083221720887742,24.920954846267637,159,,IN,,,2025-05-09 13:28:00+00:00,,,pm2_5,db
2025-11-26 12:44:00+00:00,Chennai,51.857547248156784,96.90778278979904,27.778913931783688,6.619171447449583,0.7784939233792664,24.602937176530222,170,,IN,,,2025-11-26 12:44:00+00:00,,,pm2_5,db
2025-08-25 07:24:00+00:00,Chennai,62.308850956361454,33.16336296419274,37.15552690839687,9.996621417262247,1.0198467632987809,34.60734307594464,3,,IN,,,2025-08-25 07:24:00+00:00,,,pm2_5,db
2024-10-24 17:17:00+00:00,Jaipur,59.82207862178711,116.8070777276773,23.068093872413318,13.986122045439586,1.46631942149556,29.839822939515273,121,,IN,,,2024-10-24 17:17:00+00:00,,,pm2_5,db
2026-01-31 09:55:00+00:00,Ahmedabad,90.54321665543982,135.7823364793592,16.805363589487403,14.042766362006546,1.4302648539807228,40.588162477990856,78,,IN,,,2026-01-31 09:55:00+00:00,,,pm2_5,db
2026-03-06 13:47:00+00:00,Lucknow,61.435251785953945,65.306895917949,36.21924427540054,13.471969802891,1.043981448165501,27.195849271799442,121,,IN,,,2026-03-06 13:47:00+00:00,,,pm2_5,db
2025-11-11 19:20:00+00:00,Pune,45.31698093090553,110.43942054110103,43.18431041551339,1.0157609794327804,0.3448516251172804,4.622714922652822,142,,IN,,,2025-11-11 19:20:00+00:00,,,pm2_5,db
2025-06-22 04:01:00+00:00,Lucknow,76.5344547472927,84.33829116868614,33.46923034115047,8.203972553489667,1.3360571575482183,29.75128067348009,91,,IN,,,2025-06-22 04:01:00+00:00,,,pm2_5,db
2024-05-29 00:50:00+00:00,Jaipur,69.83442175635243,54.12151768995474,39.83427091757074,3.492336265382571,1.706256534980503,35.24098839841025,160,,IN,,,2024-05-29 00:50:00+00:00,,,pm2_5,db
2024-05-22 13:10:00+00:00,Delhi,76.96309878500071,95.16887322151753,33.53354805959841,15.231606199116706,0.7190967282372052,18.838072600093057,56,,IN,,,2024-05-22 13:10:00+00:00,,,pm2_5,db
2026-04-09 20:29:00+00:00,Lucknow,78.24571972538824,182.35658168331082,51.37993415205459,0.24349306824090178,1.3624273357781,39.22106349923556,108,,IN,,,2026-04-09 20:29:00+00:00,,,pm2_5,db
2024-05-27 07:26:00+00:00,Chennai,66.66840419941605,67.4576108226113,32.99452526867272,0.6327824668667184,1.271429112238798,35.2451267542669,85,,IN,,,2024-05-27 07:26:00+00:00,,,pm2_5,db
2025-07-28 16:14:00+00:00,Pune,53.339661648120575,86.7362426287358,6.734708814779179,12.71811253787303,0.7750148090676754,14.242640413547676,101,,IN,,,2025-07-28 16:14:00+00:00,,,pm2_5,db
2024-10-07 14:55:00+00:00,Kolkata,56.74934846253775,134.7642007385941,12.586320654198914,10.194220604362183,1.0736611652432353,20.30163491501273,170,,IN,,,2024-10-07 14:55:00+00:00,,,pm2_5,db
2026-04-22 04:33:00+00:00,Mumbai,73.7964692882823,5.0,47.85458555265177,0.1,0.6919754872219374,35.25348034257755,117,,IN,,,2026-04-22 04:33:00+00:00,,,pm2_5,db
2025-11-05 17:04:00+00:00,Pune,85.67264365801549,33.139818778054476,46.934866514430254,9.669387405746264,0.40380233477878325,19.168849276973088,68,,IN,,,2025-11-05 17:04:00+00:00,,,pm2_5,db
2025-02-07 23:10:00+00:00,Bengaluru,17.020971653098833,93.85631525922663,17.052215064835842,17.761059810756223,0.3249504409367895,41.04229104685014,137,,IN,,,2025-02-07 23:10:00+00:00,,,pm2_5,db
2026-01-25 18:14:00+00:00,Delhi,39.95952898078873,59.01526391937976,31.422402895955635,2.6325066958489405,0.1,21.20323529151827,13,,IN,,,2026-01-25 18:14:00+00:00,,,pm2_5,db
2025-09-18 20:20:00+00:00,Pune,38.21959819935465,190.03852406360613,30.84617350754356,11.472226053971992,0.11180085182885269,18.46036866363078,155,,IN,,,2025-09-18 20:20:00+00:00,,,pm2_5,db
2026-01-19 00:26:00+00:00,Chennai,29.93258535247425,98.54535456539297,21.20922540036662,10.985923956291495,0.6797549640722871,22.291063729290627,123,,IN,,,2026-01-19 00:26:00+00:00,,,pm2_5,db
2025-09-27 03:02:00+00:00,Delhi,65.95970937093563,106.45544218987331,23.543124998070628,14.779264183119981,0.8820828780929093,21.93302712174063,147,,IN,,,2025-09-27 03:02:00+00:00,,,pm2_5,db
2025-08-05 07:22:00+00:00,Pune,79.24642232638386,34.2731535504758,33.259097373429356,19.450496965652384,1.2443342622336535,26.706250785397927,100,,IN,,,2025-08-05 07:22:00+00:00,,,pm2_5,db
2025-02-13 20:31:00+00:00,Bengaluru,40.35058480171612,98.4049753810052,32.975717409396594,5.396697588816158,0.596859089657658,11.397565624078256,167,,IN,,,2025-02-13 20:31:00+00:00,,,pm2_5,db
2026-04-01 07:01:00+00:00,Jaipur,84.12926231821665,113.51470548322911,35.88016406048635,11.823024553825377,0.9542299902908961,19.691781718703528,294,,IN,,,2026-04-01 07:01:00+00:00,,,pm2_5,db
2024-06-13 08:26:00+00:00,Ahmedabad,70.85024558625267,120.0741766118002,8.928126785845087,16.736069527382433,0.9529027123245833,13.890689047842795,223,,IN,,,2024-06-13 08:26:00+00:00,,,pm2_5,db
2025-01-05 00:28:00+00:00,Hyderabad,104.4295710064431,136.35189473464771,29.84705826562431,19.54131283373068,1.0796488919148204,24.71916924895968,93,,IN,,,2025-01-05 00:28:00+00:00,,,pm2_5,db
2025-03-19 00:55:00+00:00,Hyderabad,60.367003497242784,78.40054584529588,31.94894781249111,9.581207285427173,0.33326284063289946,10.281876486758144,179,,IN,,,2025-03-19 00:55:00+00:00,,,pm2_5,db
2026-01-28 20:23:00+00:00,Kolkata,48.04792355615439,162.3298642751964,22.597976862691866,13.956905285511375,0.8015430793811043,26.137481534861436,191,,IN,,,2026-01-28 20:23:00+00:00,,,pm2_5,db
2025-09-22 11:10:00+00:00,Ahmedabad,35.15755307233792,121.78371370233516,43.83959584181779,13.96022495074201,1.9582224383677052,17.365606826893394,43,,IN,,,2025-09-22 11:10:00+00:00,,,pm2_5,db
2026-01-26 01:34:00+00:00,Delhi,72.44807335673447,114.09026638589663,13.15564426339305,14.601203759974364,0.3876476111747298,36.589495823769,340,,IN,,,2026-01-26 01:34:00+00:00,,,pm2_5,db
2025-11-10 08:07:00+00:00,Pune,74.57770339144358,90.28560924417762,2.8468001836977557,6.383683821818666,0.4535523794506253,10.529954235849843,260,,IN,,,2025-11-10 08:07:00+00:00,,,pm2_5,db
2024-09-09 02:31:00+00:00,Hyderabad,52.27444087009376,103.08515670226255,44.46826023359,9.805977287828707,1.2653469690123664,23.039957021549842,116,,IN,,,2024-09-09 02:31:00+00:00,,,pm2_5,db
2024-08-01 18:14:00+00:00,Lucknow,53.46095247333996,112.25986767972931,10.708049449368136,9.793150809792202,1.026876281495251,3.4399199394062094,75,,IN,,,2024-08-01 18:14:00+00:00,,,pm2_5,db
2024-07-18 14:01:00+00:00,Chennai,31.158127090005983,116.33792201998939,45.33610838040708,14.66243775394539,0.9523571064930327,20.320236866757078,95,,IN,,,2024-07-18 14:01:00+00:00,,,pm2_5,db
2025-11-29 01:45:00+00:00,Bengaluru,75.735100152555,115.27495252484609,42.28145925521163,10.5675551977462,1.3923443580658432,33.70822770366639,83,,IN,,,2025-11-29 01:45:00+00:00,,,pm2_5,db
2024-07-21 22:59:00+00:00,Kolkata,66.41646826780654,41.42056418015514,19.292707541719334,14.63124575421897,0.8601615844335535,19.879385806808727,238,,IN,,,2024-07-21 22:59:00+00:00,,,pm2_5,db
2026-01-29 08:05:00+00:00,Hyderabad,65.28466187620668,125.6181972821553,37.44514551511097,15.46742826741368,1.0992893103407584,29.89383938938409,121,,IN,,,2026-01-29 08:05:00+00:00,,,pm2_5,db
2026-02-14 04:16:00+00:00,Bengaluru,65.3774533954759,140.90159230331042,38.327185229172464,10.2653020174011,0.5954370075294801,25.676712580627097,138,,IN,,,2026-02-14 04:16:00+00:00,,,pm2_5,db
2024-09-01 18:21:00+00:00,Bengaluru,46.90568053646911,126.89156076501439,46.02693100866448,10.588011484596297,2.1689225595860826,21.219607082685233,162,,IN,,,2024-09-01 18:21:00+00:00,,,pm2_5,db
2026-01-15 03:08:00+00:00,Hyderabad,66.22334775991645,143.8521624923092,34.78642251035361,17.554689096008417,0.9525173447036641,21.678314701609946,329,,IN,,,2026-01-15 03:08:00+00:00,,,pm2_5,db
2025-06-29 09:43:00+00:00,Chennai,42.64340594379828,72.29280341874639,44.04854033785182,7.813736242640549,1.0636812378282428,24.364913255617314,191,,IN,,,2025-06-29 09:43:00+00:00,,,pm2_5,db
2024-08-08 09:56:00+00:00,Chennai,65.60743267953985,134.03837138799588,34.98798469646461,5.143277625416035,1.3387424210456969,17.56139072904366,103,,IN,,,2024-08-08 09:56:00+00:00,,,pm2_5,db
2024-07-29 17:59:00+00:00,Ahmedabad,74.47905413069626,162.04633394608123,39.50132311541024,13.62996025407324,1.6236057105712252,53.126492482387235,20,,IN,,,2024-07-29 17:59:00+00:00,,,pm2_5,db
2026-04-05 08:18:00+00:00,Pune,38.72950944043268,66.8966700958515,25.505204039169517,2.70037770826357,1.1675211837687065,25.516983214286146,173,,IN,,,2026-04-05 08:18:00+00:00,,,pm2_5,db
2024-07-02 14:02:00+00:00,Pune,50.66477657940294,194.8457361053467,33.51646674723147,0.1,0.49881212711689127,7.594970109721842,141,,IN,,,2024-07-02 14:02:00+00:00,,,pm2_5,db
2024-08-21 20:19:00+00:00,Kolkata,110.27315281001285,131.95931496307642,40.89147542169502,4.413559072347381,0.5004275543344938,25.368054990969547,152,,IN,,,2024-08-21 20:19:00+00:00,,,pm2_5,db
2024-10-04 16:15:00+00:00,Delhi,60.35180207183762,101.39403336915484,17.799143814799855,6.76278890847316,0.9115704032136019,25.908000236100477,182,,IN,,,2024-10-04 16:15:00+00:00,,,pm2_5,db
2026-04-19 07:31:00+00:00,Mumbai,48.596095097116056,127.50622694137225,39.16267374616281,7.394797400446686,1.3951967384830861,34.79585341155973,230,,IN,,,2026-04-19 07:31:00+00:00,,,pm2_5,db
2024-07-20 10:33:00+00:00,Bengaluru,60.34745523331278,110.4511078647464,28.528896472012384,6.104422482339183,0.25721899838446427,25.926794460290036,86,,IN,,,2024-07-20 10:33:00+00:00,,,pm2_5,db
2025-11-15 14:50:00+00:00,Kolkata,32.50854135389147,119.37193441507591,32.26382290209744,13.475691827925598,2.092931883208813,27.772895312108467,173,,IN,,,2025-11-15 14:50:00+00:00,,,pm2_5,db
2024-09-28 21:20:00+00:00,Bengaluru,99.57073616933334,73.06080880266785,14.340838927970369,9.765406472700683,0.9549037933113058,15.974934935567083,118,,IN,,,2024-09-28 21:20:00+00:00,,,pm2_5,db
2026-04-23 03:42:00+00:00,Delhi,25.15818789084571,147.7037448359917,37.38445367907055,6.27688827610803,0.20891649193654105,17.55376643561437,136,,IN,,,2026-04-23 03:42:00+00:00,,,pm2_5,db
2025-10-28 23:56:00+00:00,Lucknow,57.88700296221317,137.00578639579592,1.0,16.2027170076334,0.4087747138967813,28.319954934569346,157,,IN,,,2025-10-28 23:56:00+00:00,,,pm2_5,db
2025-07-24 15:53:00+00:00,Mumbai,1.0,78.60883011376035,32.0730769402992,8.830120683281278,1.2388053648783852,32.89366555669705,182,,IN,,,2025-07-24 15:53:00+00:00,,,pm2_5,db
2025-11-22 19:29:00+00:00,Delhi,48.612968778629565,126.65472592555821,13.643291211742834,13.787648380729458,1.4541966486336522,26.268669762958424,1,,IN,,,2025-11-22 19:29:00+00:00,,,pm2_5,db
2024-10-13 02:11:00+00:00,Chennai,46.33655517429055,30.634271074840157,48.528710824654084,10.080133549262037,1.5524702444788627,27.769586752193653,172,,IN,,,2024-10-13 02:11:00+00:00,,,pm2_5,db
2025-09-29 05:52:00+00:00,Bengaluru,116.93576121390245,148.84025343836754,6.294910232316976,12.67996909167342,1.570740384051609,37.02700806536146,110,,IN,,,2025-09-29 05:52:00+00:00,,,pm2_5,db
2025-10-24 00:03:00+00:00,Bengaluru,124.31293592424325,79.99993055005953,22.38899135399362,8.163285709240277,0.7548889249806123,16.099792502363968,1,,IN,,,2025-10-24 00:03:00+00:00,,,pm2_5,db
2025-06-18 18:25:00+00:00,Kolkata,47.669453862352235,187.4152473411644,30.20063719073794,17.74617433110481,1.130710206364984,33.26407309893258,159,,IN,,,2025-06-18 18:25:00+00:00,,,pm2_5,db
2025-04-27 02:53:00+00:00,Mumbai,72.40301770221964,124.65331734600176,25.675718128090217,12.42989391354806,2.117193123098841,22.29603057904558,169,,IN,,,2025-04-27 02:53:00+00:00,,,pm2_5,db
2025-01-07 16:18:00+00:00,Kolkata,60.29291044298413,14.664451881705531,37.75054227972699,0.1,1.7349686154706156,26.694738711932605,209,,IN,,,2025-01-07 16:18:00+00:00,,,pm2_5,db
2026-01-22 02:14:00+00:00,Lucknow,66.51885960352918,108.65586240175432,22.626887607642516,10.507967684396583,2.38371794601613,33.34525547369058,213,,IN,,,2026-01-22 02:14:00+00:00,,,pm2_5,db
2024-07-05 20:35:00+00:00,Delhi,55.24820817748138,27.809547692988247,27.171208004909854,14.870414259979011,0.5150998024424631,23.236340495106695,91,,IN,,,2024-07-05 20:35:00+00:00,,,pm2_5,db
2024-08-12 09:33:00+00:00,Hyderabad,76.28851551609898,134.86405252483885,29.441261211718096,11.185337695165021,0.4074077097338412,3.1355802124943253,150,,IN,,,2024-08-12 09:33:00+00:00,,,pm2_5,db
2024-12-17 20:19:00+00:00,Ahmedabad,99.2833954020592,172.79993939995788,15.029646100591833,7.886409790301384,1.2401671479406897,50.319046777421775,243,,IN,,,2024-12-17 20:19:00+00:00,,,pm2_5,db
2024-11-02 23:31:00+00:00,Chennai,37.92000922112189,141.55631533532957,13.4900810364846,8.569381894118184,0.9426110254990386,40.92912089122808,115,,IN,,,2024-11-02 23:31:00+00:00,,,pm2_5,db
2025-10-25 02:04:00+00:00,Lucknow,42.52445367240184,111.70524097750987,28.699429487368146,8.35777602509339,1.395170290892352,9.671351216472928,103,,IN,,,2025-10-25 02:04:00+00:00,,,pm2_5,db
2025-10-05 04:57:00+00:00,Lucknow,19.779832268250708,136.74221373026944,46.84641945662308,9.730028754141962,0.1,32.05969746698816,23,,IN,,,2025-10-05 04:57:00+00:00,,,pm2_5,db
2025-06-11 08:28:00+00:00,Pune,31.004017855825868,92.32359931681239,27.2505366535911,6.134750497681311,1.2943516391075753,20.539306215411663,208,,IN,,,2025-06-11 08:28:00+00:00,,,pm2_5,db
2025-08-25 06:47:00+00:00,Delhi,38.351502904192856,44.100148038102446,34.360997668002334,7.872474716491851,0.1,19.642851272305997,76,,IN,,,2025-08-25 06:47:00+00:00,,,pm2_5,db
2025-07-20 04:13:00+00:00,Chennai,23.966230006648658,154.398785724228,50.351447361959444,5.530102367646151,0.6839570885955446,31.16235396553313,1,,IN,,,2025-07-20 04:13:00+00:00,,,pm2_5,db
2025-10-24 08:31:00+00:00,Bengaluru,98.74726415322814,92.57079647333042,31.51405187602732,16.80273563538407,2.0534423666390733,19.231515268516873,138,,IN,,,2025-10-24 08:31:00+00:00,,,pm2_5,db
2024-11-01 22:06:00+00:00,Lucknow,85.68952676384555,69.26737870554967,31.53708550654735,8.544285715598354,0.5209941996493854,15.16898072341725,159,,IN,,,2024-11-01 22:06:00+00:00,,,pm2_5,db
2024-06-20 23:55:00+00:00,Delhi,61.75282896833041,132.8469626516419,15.425718404805602,14.438155050477537,1.4096715485298734,51.0362629875041,113,,IN,,,2024-06-20 23:55:00+00:00,,,pm2_5,db
2025-09-24 18:57:00+00:00,Pune,80.47760422280345,88.59651386493152,23.95255984604927,13.246785029308242,0.5862078796326693,20.894660119849853,146,,IN,,,2025-09-24 18:57:00+00:00,,,pm2_5,db
2025-04-16 16:25:00+00:00,Jaipur,13.940388449233204,33.33610129927156,11.108803999408,2.1209936908003764,0.9226946206900455,13.11119846402395,90,,IN,,,2025-04-16 16:25:00+00:00,,,pm2_5,db
2024-10-18 08:09:00+00:00,Lucknow,93.06260828807805,136.47790357722067,30.241941229140057,7.233842316514972,0.7833836716884894,28.277464699519495,180,,IN,,,2024-10-18 08:09:00+00:00,,,pm2_5,db
2026-01-09 06:37:00+00:00,Lucknow,9.209510783424328,118.46855136682387,41.432238629380294,8.319588238714747,1.9082634980700526,16.187615525639494,155,,IN,,,2026-01-09 06:37:00+00:00,,,pm2_5,db
2025-02-13 07:00:00+00:00,Delhi,57.141945799881306,114.28420120037887,42.719381151955496,18.266417417648466,0.9988748777479213,33.15316072171633,90,,IN,,,2025-02-13 07:00:00+00:00,,,pm2_5,db
2025-01-02 22:17:00+00:00,Pune,87.2664984022033,198.42563509572958,28.16874168042912,0.1,0.7259635333775885,37.31875134289304,178,,IN,,,2025-01-02 22:17:00+00:00,,,pm2_5,db
2024-11-21 06:27:00+00:00,Mumbai,72.11133598121054,158.70900749804545,43.791355149704785,19.130202716421753,1.1793980419531271,34.052594014939544,118,,IN,,,2024-11-21 06:27:00+00:00,,,pm2_5,db
2024-06-13 17:05:00+00:00,Kolkata,65.4051169080672,142.19522263449517,31.85610021617085,6.480906094480215,1.0054914462912006,39.359940177677146,178,,IN,,,2024-06-13 17:05:00+00:00,,,pm2_5,db
2025-08-09 06:41:00+00:00,Delhi,104.5573448176178,101.44812552600176,2.992819623987291,21.35829331253526,1.3411962549063963,24.299871411871997,114,,IN,,,2025-08-09 06:41:00+00:00,,,pm2_5,db
2025-01-13 04:09:00+00:00,Jaipur,88.7064106128997,131.68781142897024,33.67022888231025,10.873088832013572,0.9125159816429109,35.45640120209266,79,,IN,,,2025-01-13 04:09:00+00:00,,,pm2_5,db
2024-07-17 08:24:00+00:00,Kolkata,75.78095820167869,129.20964610047068,36.11592554427058,8.076757729974712,1.3937413521927626,24.54441873245459,105,,IN,,,2024-07-17 08:24:00+00:00,,,pm2_5,db
2024-08-27 11:36:00+00:00,Delhi,16.625597948864183,129.99152417183194,4.81334358564424,9.350599970062161,0.7831862574229062,4.14971703320122,167,,IN,,,2024-08-27 11:36:00+00:00,,,pm2_5,db
2024-11-27 03:29:00+00:00,Bengaluru,80.9892022693563,167.4002471195574,52.35186513444858,12.153738643908827,1.0230290692885577,38.28156620895797,257,,IN,,,2024-11-27 03:29:00+00:00,,,pm2_5,db
2026-03-25 21:34:00+00:00,Hyderabad,65.03362133037305,127.58064577165715,2.8557454662415616,12.816163957724644,2.1364959129896945,31.399361658007912,243,,IN,,,2026-03-25 21:34:00+00:00,,,pm2_5,db
2026-02-21 13:37:00+00:00,Jaipur,69.5317847520244,77.3669340806227,15.54337219148417,17.597827343016192,1.686171171433259,15.088936844126495,207,,IN,,,2026-02-21 13:37:00+00:00,,,pm2_5,db
2025-11-19 23:34:00+00:00,Jaipur,71.50546598587658,149.77401872497273,31.24077302794783,18.460971971811617,1.1547064198799624,31.241842724695324,81,,IN,,,2025-11-19 23:34:00+00:00,,,pm2_5,db
2026-05-08 04:25:00+00:00,Bengaluru,77.82493563362749,45.672567551538336,17.659469653813485,17.427302127512384,1.1434455591463024,5.862202651710739,212,,IN,,,2026-05-08 04:25:00+00:00,,,pm2_5,db
2024-10-25 07:50:00+00:00,Ahmedabad,57.80410803490751,118.18826744082119,47.684318678874725,4.615042174872026,0.5035765960830302,23.035015796018925,197,,IN,,,2024-10-25 07:50:00+00:00,,,pm2_5,db
2025-07-07 09:28:00+00:00,Ahmedabad,80.5930231760948,85.88086749731985,24.116609806195754,0.1,0.6605103428240089,24.924327033688492,205,,IN,,,2025-07-07 09:28:00+00:00,,,pm2_5,db
2026-01-01 16:44:00+00:00,Ahmedabad,42.886099395504985,82.67632793659301,53.06036327846704,11.268760914183503,0.7239876354942116,23.448668688194065,234,,IN,,,2026-01-01 16:44:00+00:00,,,pm2_5,db
2024-11-04 17:40:00+00:00,Chennai,58.9391547480223,113.60627310670293,15.206398342251036,9.665889684100033,1.0026614302258503,36.402094789367354,224,,IN,,,2024-11-04 17:40:00+00:00,,,pm2_5,db
2024-06-06 22:23:00+00:00,Hyderabad,76.60730755139089,86.59246204291954,38.82960227606104,9.47256107578471,0.5153007111306896,15.431632871203535,241,,IN,,,2024-06-06 22:23:00+00:00,,,pm2_5,db
2026-02-24 07:13:00+00:00,Hyderabad,47.15909348212725,121.64820804525974,65.89015084527362,3.655679532020325,0.1,37.86590131287233,82,,IN,,,2026-02-24 07:13:00+00:00,,,pm2_5,db
2025-05-16 12:59:00+00:00,Chennai,66.70406952388291,71.97855171257032,27.300898681750407,12.698891959339205,0.495845556862869,17.99915970354111,115,,IN,,,2025-05-16 12:59:00+00:00,,,pm2_5,db
2025-11-05 20:47:00+00:00,Mumbai,62.96991349757255,94.01804233646286,25.929352606024132,9.880589974560488,0.672128268783843,31.91062565866877,240,,IN,,,2025-11-05 20:47:00+00:00,,,pm2_5,db
2024-11-28 14:27:00+00:00,Hyderabad,54.00957111413383,124.61949380154019,53.486692968048814,13.051957258108594,0.11329273059515965,29.53995631446959,226,,IN,,,2024-11-28 14:27:00+00:00,,,pm2_5,db
2025-11-23 20:21:00+00:00,Mumbai,42.74711147120135,50.57843361910905,32.117535282489605,0.1,0.8801144935532041,37.86842262645503,6,,IN,,,2025-11-23 20:21:00+00:00,,,pm2_5,db
2026-01-15 02:04:00+00:00,Hyderabad,58.417003507226,95.37132857415163,50.987045725441305,15.726089974550185,1.247636473034299,26.45630314343885,167,,IN,,,2026-01-15 02:04:00+00:00,,,pm2_5,db
2026-03-15 14:06:00+00:00,Ahmedabad,32.19889364101998,143.41507975608923,47.792137531782465,11.265187612528523,0.911893470519012,29.003099083096732,1,,IN,,,2026-03-15 14:06:00+00:00,,,pm2_5,db
2024-09-09 07:47:00+00:00,Mumbai,58.73429717357522,138.2613005159131,28.878466176529084,3.1587588600930516,0.9292986645873109,25.675554840808246,148,,IN,,,2024-09-09 07:47:00+00:00,,,pm2_5,db
2024-08-20 11:07:00+00:00,Hyderabad,32.84913617414631,117.028018246594,49.34894547927361,0.1,1.0898233403900268,19.146214980269566,114,,IN,,,2024-08-20 11:07:00+00:00,,,pm2_5,db
2026-03-27 10:23:00+00:00,Hyderabad,106.03139036067262,59.422785552911456,12.455849962817588,2.1883925790189727,1.8637091433140505,20.37660294478713,138,,IN,,,2026-03-27 10:23:00+00:00,,,pm2_5,db
2025-01-26 12:40:00+00:00,Jaipur,54.12123383463911,208.3297442294624,50.881063814613825,4.8823730932463665,1.323787051530843,16.684772273336236,15,,IN,,,2025-01-26 12:40:00+00:00,,,pm2_5,db
2025-01-09 13:43:00+00:00,Pune,86.15130627619749,91.20539003121709,27.49836398997021,14.49859332194874,1.1957480186740537,21.063625287029556,26,,IN,,,2025-01-09 13:43:00+00:00,,,pm2_5,db
2024-12-06 18:35:00+00:00,Hyderabad,30.06029277414607,135.55037526703907,34.97312542700539,14.500889579394002,1.4359877498595037,18.05534758074647,26,,IN,,,2024-12-06 18:35:00+00:00,,,pm2_5,db
2025-11-04 01:27:00+00:00,Lucknow,46.44990241185072,82.23826704569433,2.679744871130424,20.515885327305632,1.4128568207126548,32.698959812747646,207,,IN,,,2025-11-04 01:27:00+00:00,,,pm2_5,db
2025-09-25 08:38:00+00:00,Ahmedabad,55.90589739694496,92.897425416315,69.521111316225,13.335472187796656,0.7680997793242827,29.654967741662798,69,,IN,,,2025-09-25 08:38:00+00:00,,,pm2_5,db
2024-11-09 18:12:00+00:00,Ahmedabad,72.52713581556165,152.63910518972537,35.77152816307489,10.566819950917829,1.0054010424280075,24.435589031128927,99,,IN,,,2024-11-09 18:12:00+00:00,,,pm2_5,db
2025-12-29 09:19:00+00:00,Chennai,57.28658418287108,78.56814922468908,22.25553604707737,16.60222408418334,1.3378033165822392,30.603291782322568,121,,IN,,,2025-12-29 09:19:00+00:00,,,pm2_5,db
2024-12-31 12:06:00+00:00,Mumbai,53.50964921635563,148.7921794956698,43.114165183785964,4.1085409242951805,0.5722367735457121,26.0870215281341,260,,IN,,,2024-12-31 12:06:00+00:00,,,pm2_5,db
2025-04-13 00:01:00+00:00,Jaipur,25.598916710671297,84.62676025897818,24.533573729036377,7.476949939378654,0.7331020301703958,25.072070603763702,102,,IN,,,2025-04-13 00:01:00+00:00,,,pm2_5,db
2024-07-21 07:32:00+00:00,Delhi,78.821804178722,143.72697240090676,6.888982556038773,11.793508915504905,1.3379894279034616,14.68797931560415,140,,IN,,,2024-07-21 07:32:00+00:00,,,pm2_5,db
2024-08-28 21:58:00+00:00,Delhi,108.11240092531432,43.425744266791966,67.40890508591984,4.508645673080057,1.490336647163713,34.704979808637304,70,,IN,,,2024-08-28 21:58:00+00:00,,,pm2_5,db
2025-03-16 02:23:00+00:00,Hyderabad,73.85825011580977,119.22689209522503,47.94509228055371,10.452397258876374,0.9160629652868444,35.9606423305718,180,,IN,,,2025-03-16 02:23:00+00:00,,,pm2_5,db
2026-03-18 09:34:00+00:00,Kolkata,33.868430465038145,87.29111426989193,20.68767921479117,14.717195611917486,1.487992025147026,23.448697104675997,240,,IN,,,2026-03-18 09:34:00+00:00,,,pm2_5,db
2026-01-27 21:02:00+00:00,Mumbai,39.452705711424,173.0150659774216,29.084739734573876,10.756991178585848,0.8301974871967157,16.102096737028024,37,,IN,,,2026-01-27 21:02:00+00:00,,,pm2_5,db
2025-09-25 09:35:00+00:00,Mumbai,136.48828072492057,66.55705669550085,11.13926287527945,13.060832293680647,1.7646567394836477,25.645896569432217,180,,IN,,,2025-09-25 09:35:00+00:00,,,pm2_5,db
2025-04-23 17:19:00+00:00,Ahmedabad,33.159606771560824,34.19816600208476,31.754703510358304,0.1,0.33890201695627564,19.62806205986582,81,,IN,,,2025-04-23 17:19:00+00:00,,,pm2_5,db
2024-12-07 17:25:00+00:00,Pune,82.34496864838641,140.09534930850714,47.112191840420714,9.988489599945675,1.1517334504083347,30.115137019191913,149,,IN,,,2024-12-07 17:25:00+00:00,,,pm2_5,db
2026-03-11 19:31:00+00:00,Kolkata,39.561040041750864,126.86467319639318,28.58977238872267,6.020957496179411,0.6688775903377037,12.896012722172115,208,,IN,,,2026-03-11 19:31:00+00:00,,,pm2_5,db
2024-11-17 22:32:00+00:00,Delhi,80.21369374005046,87.58204760822508,8.90249059481651,16.1273337353148,0.7314515052169435,20.911009097912107,142,,IN,,,2024-11-17 22:32:00+00:00,,,pm2_5,db
2026-03-24 22:30:00+00:00,Mumbai,30.022071846369244,131.7550801644872,22.72515413607414,21.327543829176797,0.9994401390010549,2.649645021013338,165,,IN,,,2026-03-24 22:30:00+00:00,,,pm2_5,db
2024-07-25 17:36:00+00:00,Ahmedabad,105.77385721891413,69.20959258474146,43.68228593965168,5.66803276157973,1.1121446997084623,12.270475712602675,94,,IN,,,2024-07-25 17:36:00+00:00,,,pm2_5,db
2026-01-03 03:18:00+00:00,Lucknow,80.01797804174139,121.07278917323283,9.743678729169218,8.130163396301679,0.626941758528637,33.69675756694491,222,,IN,,,2026-01-03 03:18:00+00:00,,,pm2_5,db
2026-01-09 15:35:00+00:00,Pune,1.0,39.32152407479782,51.324404671233125,7.5924703640810565,0.6246376908674438,41.426602934362336,228,,IN,,,2026-01-09 15:35:00+00:00,,,pm2_5,db
2025-11-13 06:17:00+00:00,Ahmedabad,56.69746967967187,119.08651193549863,54.00070921979412,12.53480454542336,1.3630145165195706,36.69270109070172,58,,IN,,,2025-11-13 06:17:00+00:00,,,pm2_5,db
2025-01-07 10:14:00+00:00,Hyderabad,51.79702072000144,9.356192169089354,1.0,3.8912943308878862,1.2656116142962908,26.137995653402964,152,,IN,,,2025-01-07 10:14:00+00:00,,,pm2_5,db
2026-01-31 00:36:00+00:00,Jaipur,59.31416614540691,122.17742091255262,18.955903251924966,10.169960470497646,0.20002533295782754,39.09906217275028,92,,IN,,,2026-01-31 00:36:00+00:00,,,pm2_5,db
2025-08-07 21:00:00+00:00,Ahmedabad,85.70133913497958,107.86788524035383,29.538842516092053,6.4958240006679535,1.059561964683139,28.179986944140474,85,,IN,,,2025-08-07 21:00:00+00:00,,,pm2_5,db
2025-08-26 16:55:00+00:00,Chennai,117.49160174037097,106.41076920353525,53.17848227544839,8.82626601515387,1.129643820767454,11.786359283547307,108,,IN,,,2025-08-26 16:55:00+00:00,,,pm2_5,db
2024-09-01 20:12:00+00:00,Delhi,65.54956944190678,165.34881444771997,39.6109366530438,19.764408036788115,0.9704788913474723,48.90222710651804,106,,IN,,,2024-09-01 20:12:00+00:00,,,pm2_5,db
2025-03-09 15:10:00+00:00,Lucknow,118.27561678895177,142.77790290471592,24.988188999295375,17.494136181240968,1.3438460925588909,44.6612747137559,31,,IN,,,2025-03-09 15:10:00+00:00,,,pm2_5,db
2026-03-06 15:20:00+00:00,Bengaluru,10.657933089784962,152.41308819118777,25.944051662949626,14.437787229919373,2.1798859671648056,21.467563081723917,110,,IN,,,2026-03-06 15:20:00+00:00,,,pm2_5,db
2025-11-20 12:18:00+00:00,Jaipur,45.83217436724625,84.76153611471477,45.85783905362049,12.271835943028213,0.1,12.746082005308919,245,,IN,,,2025-11-20 12:18:00+00:00,,,pm2_5,db
2024-06-17 06:05:00+00:00,Lucknow,55.73975856912545,110.52946691206681,41.036000404202454,1.850419630847263,0.579525430664771,27.72955754863389,133,,IN,,,2024-06-17 06:05:00+00:00,,,pm2_5,db
2025-09-19 13:19:00+00:00,Bengaluru,68.92821690678304,153.6633447750989,37.302278207239254,10.834670438569551,0.9520581987170146,16.65148847228498,134,,IN,,,2025-09-19 13:19:00+00:00,,,pm2_5,db
2025-04-08 11:37:00+00:00,Bengaluru,37.75490026628975,90.31011644938455,33.012754459138954,7.7589160169149185,1.2426516415315703,30.228437607490303,202,,IN,,,2025-04-08 11:37:00+00:00,,,pm2_5,db
2025-04-10 01:11:00+00:00,Ahmedabad,36.644023396301,73.85862213694911,28.863427853102635,7.292947856563513,0.43083663651952864,20.583082058270058,106,,IN,,,2025-04-10 01:11:00+00:00,,,pm2_5,db
2024-07-24 16:02:00+00:00,Hyderabad,89.46127125795827,117.96952164996956,67.07713614083204,11.023049116117896,0.8549671130313741,25.04132882654866,157,,IN,,,2024-07-24 16:02:00+00:00,,,pm2_5,db
2024-09-17 11:59:00+00:00,Hyderabad,38.86698837556078,144.36184232710943,33.11625896421186,0.5734135445762938,1.3853493910473818,37.67623560803905,79,,IN,,,2024-09-17 11:59:00+00:00,,,pm2_5,db
2024-05-14 03:35:00+00:00,Chennai,28.52983850789159,151.9211831046901,23.003752409888484,3.347182150371765,1.1147301822292148,19.77587568568977,107,,IN,,,2024-05-14 03:35:00+00:00,,,pm2_5,db
2024-12-27 18:58:00+00:00,Kolkata,37.3658696829542,116.16319968595475,44.54114686122308,17.4289618089391,0.6674691398191885,34.37376966919648,85,,IN,,,2024-12-27 18:58:00+00:00,,,pm2_5,db
2024-07-08 19:36:00+00:00,Hyderabad,93.21197026979327,83.74055572725105,60.198696821919,13.547924373114906,0.491991735295889,19.777615204574932,194,,IN,,,2024-07-08 19:36:00+00:00,,,pm2_5,db
2025-02-04 16:00:00+00:00,Ahmedabad,61.11645702408666,140.3341213057626,31.9769764051623,2.2389708439697458,0.5935129876799097,27.35119943151665,225,,IN,,,2025-02-04 16:00:00+00:00,,,pm2_5,db
2025-10-26 03:51:00+00:00,Lucknow,67.1822690259091,139.9525554392991,19.998737246897164,9.080614238450714,0.5879346393302617,12.512573892922884,163,,IN,,,2025-10-26 03:51:00+00:00,,,pm2_5,db
2025-02-21 06:33:00+00:00,Ahmedabad,73.65279577231118,119.70577085295449,38.34924998516331,9.74390142263514,1.2064456976112004,17.738555973136403,165,,IN,,,2025-02-21 06:33:00+00:00,,,pm2_5,db
2026-03-22 20:25:00+00:00,Hyderabad,61.295802474821166,85.05589961482562,22.102399552258277,3.250423869387072,1.6328874625832777,35.65685174720048,177,,IN,,,2026-03-22 20:25:00+00:00,,,pm2_5,db
2025-07-18 16:08:00+00:00,Lucknow,135.79406037776585,100.89882338547119,33.827900276340245,7.613332516358751,1.1861627800301524,33.356149278862446,132,,IN,,,2025-07-18 16:08:00+00:00,,,pm2_5,db
2025-10-03 04:08:00+00:00,Mumbai,66.76213465275498,73.6400922194513,36.277486118255766,9.195836675143806,0.6958801353313566,17.235255918516362,327,,IN,,,2025-10-03 04:08:00+00:00,,,pm2_5,db
2025-05-27 08:05:00+00:00,Delhi,42.54446350668569,107.93728642095145,38.200005489247275,13.328779130351881,1.3383072758882628,18.551396933626705,163,,IN,,,2025-05-27 08:05:00+00:00,,,pm2_5,db
2025-06-28 17:55:00+00:00,Lucknow,37.05727563749352,62.46444581606922,45.963142332870135,14.131670205873327,1.488332684989065,25.393130660242964,194,,IN,,,2025-06-28 17:55:00+00:00,,,pm2_5,db
2026-04-23 12:33:00+00:00,Delhi,64.42799575012576,135.08438400596663,35.7003494857292,4.07766907277868,0.2509801123044767,17.879458338170366,179,,IN,,,2026-04-23 12:33:00+00:00,,,pm2_5,db
2024-06-14 00:04:00+00:00,Delhi,35.472515813294635,81.07057256236644,24.640424095997766,1.8276950148840871,0.2889741169299337,16.78164703592446,146,,IN,,,2024-06-14 00:04:00+00:00,,,pm2_5,db
2026-04-08 07:08:00+00:00,Chennai,86.46382040354538,57.9288105034596,26.903313623841907,16.148540402504636,0.7908658048180953,19.26330309141581,221,,IN,,,2026-04-08 07:08:00+00:00,,,pm2_5,db
2025-06-07 03:19:00+00:00,Kolkata,70.72413477817997,96.28621388360654,37.19535795896296,11.922697083076226,1.5104414105012371,19.516544621349816,142,,IN,,,2025-06-07 03:19:00+00:00,,,pm2_5,db
2025-08-15 03:25:00+00:00,Bengaluru,34.37052013889561,150.67908192951424,36.99493158255625,2.098449558202322,1.6041314127402502,47.340930807977315,210,,IN,,,2025-08-15 03:25:00+00:00,,,pm2_5,db
2026-04-19 08:45:00+00:00,Bengaluru,18.462377006537245,36.235181953299005,33.82623065801638,6.44812715362012,0.5427118608363244,24.372533160313246,183,,IN,,,2026-04-19 08:45:00+00:00,,,pm2_5,db
2024-06-28 04:01:00+00:00,Lucknow,97.74676707800788,66.98846479114502,43.04641780747434,7.091615430706037,1.2728968799249762,35.97327507202867,191,,IN,,,2024-06-28 04:01:00+00:00,,,pm2_5,db
2024-06-29 04:44:00+00:00,Kolkata,87.84149266853247,75.89227541460721,33.89312648357308,11.549477121983362,1.2425612794347904,28.369566760601906,80,,IN,,,2024-06-29 04:44:00+00:00,,,pm2_5,db
2025-07-29 04:50:00+00:00,Hyderabad,64.64586443797289,155.97507363831272,29.32900598718198,1.5690138359382377,1.483064840502053,21.29629390338893,163,,IN,,,2025-07-29 04:50:00+00:00,,,pm2_5,db
2024-11-07 10:22:00+00:00,Bengaluru,38.08587939542008,96.50280983575301,31.611730540459746,3.446906037478251,1.1652597642937976,41.1191047746749,105,,IN,,,2024-11-07 10:22:00+00:00,,,pm2_5,db
2024-09-06 04:06:00+00:00,Chennai,59.026769987878986,97.47830856295178,17.722535963844226,16.48870281777119,0.836878159188086,23.225225129064125,113,,IN,,,2024-09-06 04:06:00+00:00,,,pm2_5,db
2024-08-06 21:02:00+00:00,Hyderabad,84.0273371530054,25.60197412480113,18.505269755764417,7.601679662261417,1.8718109336457827,32.68603765496369,100,,IN,,,2024-08-06 21:02:00+00:00,,,pm2_5,db
2025-01-01 04:20:00+00:00,Jaipur,85.22749509335014,55.64491016307937,46.098867476837356,7.563198127174086,0.48574787952936516,22.82856386923686,159,,IN,,,2025-01-01 04:20:00+00:00,,,pm2_5,db
2025-03-31 00:53:00+00:00,Chennai,45.42515290839832,134.8148957572543,36.63333093054899,9.63446167175239,0.779308843817025,26.515407957652663,178,,IN,,,2025-03-31 00:53:00+00:00,,,pm2_5,db
2025-04-11 07:57:00+00:00,Hyderabad,84.39974874539604,233.54048779441135,37.73937715151766,12.907861067870215,1.352007537160827,14.91034022411747,108,,IN,,,2025-04-11 07:57:00+00:00,,,pm2_5,db
2026-04-03 12:26:00+00:00,Lucknow,55.64563594447003,115.52893701897212,46.311819302226965,15.178904432224833,0.9191394984793765,18.300049031217775,219,,IN,,,2026-04-03 12:26:00+00:00,,,pm2_5,db
2024-07-07 17:06:00+00:00,Jaipur,52.17115152729298,116.6206184806705,41.68244575681547,15.460608969638628,1.1419530005877367,30.85247531358856,144,,IN,,,2024-07-07 17:06:00+00:00,,,pm2_5,db
2025-12-28 09:30:00+00:00,Jaipur,60.4747796660027,108.6128299992564,1.7164064333479416,7.6150999904234125,1.028102826544576,22.186300080942992,122,,IN,,,2025-12-28 09:30:00+00:00,,,pm2_5,db
2024-12-18 14:13:00+00:00,Kolkata,19.29894465121972,96.07320836653301,41.46171608252685,20.12531823691983,1.39106411954737,10.317362401311527,123,,IN,,,2024-12-18 14:13:00+00:00,,,pm2_5,db
2025-03-03 08:09:00+00:00,Delhi,73.48261382357185,73.31804214156958,30.97414631326114,12.521936978656774,1.4128354766518298,16.94281833387208,115,,IN,,,2025-03-03 08:09:00+00:00,,,pm2_5,db
2026-05-02 10:14:00+00:00,Lucknow,91.49624703384856,89.02340428115828,14.706232377488353,10.993672901395911,0.9720272839773659,2.407861224223886,155,,IN,,,2026-05-02 10:14:00+00:00,,,pm2_5,db
2024-09-28 01:02:00+00:00,Ahmedabad,27.953718806783364,111.20026154123761,25.752550066702412,11.818611309701982,1.0623486388256733,22.448358249785457,32,,IN,,,2024-09-28 01:02:00+00:00,,,pm2_5,db
2025-10-01 19:33:00+00:00,Bengaluru,59.793002901760325,85.67008211203532,39.37817895869198,8.324674484729897,0.5174936376102448,22.219037070120905,155,,IN,,,2025-10-01 19:33:00+00:00,,,pm2_5,db
2025-12-13 06:27:00+00:00,Bengaluru,43.27726649991452,107.06085353638399,36.3918592022914,9.859462244795107,0.7496909270056734,9.507428236557566,104,,IN,,,2025-12-13 06:27:00+00:00,,,pm2_5,db
2024-12-26 19:58:00+00:00,Kolkata,40.10802895823534,68.11633116934182,38.756798179394224,13.606551024485762,0.5480603552095626,22.39771369436879,9,,IN,,,2024-12-26 19:58:00+00:00,,,pm2_5,db
2026-03-08 04:55:00+00:00,Kolkata,80.62344724035256,81.47811673234744,45.77782290791279,0.905848470919171,0.37618610042810374,32.096618656378766,256,,IN,,,2026-03-08 04:55:00+00:00,,,pm2_5,db
2024-10-13 14:29:00+00:00,Ahmedabad,21.357743235494347,108.38630453863951,1.0,0.1,1.0647047684479345,21.419373304288253,62,,IN,,,2024-10-13 14:29:00+00:00,,,pm2_5,db
2025-11-18 08:23:00+00:00,Ahmedabad,83.61039671350682,115.46409132050803,48.42591552501577,10.04796417729288,0.942332502596332,35.64312186247182,71,,IN,,,2025-11-18 08:23:00+00:00,,,pm2_5,db
2025-05-11 10:48:00+00:00,Ahmedabad,69.52073132094182,131.0038389589039,58.157047129974636,14.755044470035639,0.1974720104980382,39.03470384767505,116,,IN,,,2025-05-11 10:48:00+00:00,,,pm2_5,db
2025-11-16 21:36:00+00:00,Jaipur,73.15505045309739,83.9450283972979,31.502544569902106,8.295405967835302,1.9625064008679258,44.822603001455896,143,,IN,,,2025-11-16 21:36:00+00:00,,,pm2_5,db
2025-05-18 23:25:00+00:00,Ahmedabad,87.65015728756966,96.84320518666492,23.67994088031451,15.871557181989786,0.7308504523416752,24.622449655514693,29,,IN,,,2025-05-18 23:25:00+00:00,,,pm2_5,db
2024-09-10 15:42:00+00:00,Bengaluru,78.0306343199948,168.4719667018922,17.308467957340035,11.417945692169205,0.5284200378153052,22.722344544186573,194,,IN,,,2024-09-10 15:42:00+00:00,,,pm2_5,db
2026-02-19 10:13:00+00:00,Hyderabad,27.124272361556166,54.75344274036905,37.37178884909385,22.38336721394001,1.6812291220001065,6.040148008539358,239,,IN,,,2026-02-19 10:13:00+00:00,,,pm2_5,db
2025-06-21 06:20:00+00:00,Pune,52.41995958223756,153.8208964598324,38.25650266402178,2.1454296856720863,1.3053710778980971,3.624994039194121,124,,IN,,,2025-06-21 06:20:00+00:00,,,pm2_5,db
2025-10-15 14:30:00+00:00,Hyderabad,47.52656125095135,145.57385015089397,44.62127722629872,17.8602381572017,1.4371712142231936,35.81374793937147,191,,IN,,,2025-10-15 14:30:00+00:00,,,pm2_5,db
2024-12-23 04:45:00+00:00,Mumbai,54.06850702256495,61.50526827761097,15.67032736770287,8.307913108388743,1.1207260798012146,39.408125980042634,137,,IN,,,2024-12-23 04:45:00+00:00,,,pm2_5,db
2025-11-09 03:04:00+00:00,Ahmedabad,54.21383005778023,133.78760845480735,26.347079374127077,17.932815364470862,1.317921669132966,13.095162453116448,151,,IN,,,2025-11-09 03:04:00+00:00,,,pm2_5,db
2025-05-02 17:46:00+00:00,Delhi,71.19287575237671,131.8351535095658,14.450656512530992,13.064247695281082,0.30308242398268714,18.743758935986037,215,,IN,,,2025-05-02 17:46:00+00:00,,,pm2_5,db
2026-02-07 17:52:00+00:00,Hyderabad,68.91890725770895,97.82088769013892,36.69691531867781,9.639446513469212,1.0062892511759167,31.568185267201375,89,,IN,,,2026-02-07 17:52:00+00:00,,,pm2_5,db
2024-05-16 12:08:00+00:00,Ahmedabad,20.359915634993612,73.18176975002801,53.523096705957485,12.308339887511405,0.3382058492993054,9.596456241515893,132,,IN,,,2024-05-16 12:08:00+00:00,,,pm2_5,db
2025-07-27 13:41:00+00:00,Lucknow,92.67498883510041,124.0772308327463,37.06875686768841,1.9856769441725834,1.468761460874879,21.650679627263926,200,,IN,,,2025-07-27 13:41:00+00:00,,,pm2_5,db
2026-01-13 09:40:00+00:00,Delhi,68.80007384844079,103.83866733696534,36.068177896292354,8.401617548844948,0.6754701234793603,41.054833827939646,213,,IN,,,2026-01-13 09:40:00+00:00,,,pm2_5,db
2025-07-25 18:24:00+00:00,Hyderabad,41.43302863247118,62.61261425350703,45.50714162098464,0.1,1.4634279567882706,22.472776874269414,125,,IN,,,2025-07-25 18:24:00+00:00,,,pm2_5,db
2024-06-05 02:48:00+00:00,Ahmedabad,39.3414205792773,138.70902435000255,31.70055807037835,2.4636712427917713,0.9150627582101304,38.812790155589255,257,,IN,,,2024-06-05 02:48:00+00:00,,,pm2_5,db
2024-12-17 22:12:00+00:00,Ahmedabad,72.26517256139721,144.0344361543677,40.88561974978083,14.70972573212751,1.1816315396237653,24.275876611694564,97,,IN,,,2024-12-17 22:12:00+00:00,,,pm2_5,db
2024-10-16 21:54:00+00:00,Mumbai,64.65132109130471,132.30303371299266,9.936844600606587,13.870100135890361,2.0272725473103885,25.784501307779113,135,,IN,,,2024-10-16 21:54:00+00:00,,,pm2_5,db
2025-07-08 21:21:00+00:00,Delhi,34.40880595750273,118.1282773357562,18.005138665535338,6.7179716749300304,0.9752048460590304,38.47323241613559,266,,IN,,,2025-07-08 21:21:00+00:00,,,pm2_5,db
2024-12-03 21:03:00+00:00,Mumbai,122.31847166596296,92.89782074681919,21.43296128460394,0.1,1.6980457846223718,34.682455923712936,309,,IN,,,2024-12-03 21:03:00+00:00,,,pm2_5,db
2026-04-09 14:36:00+00:00,Chennai,61.75338795915319,142.24400867200546,5.283342883432933,18.808490935991784,1.3932583756659151,24.610899652137824,185,,IN,,,2026-04-09 14:36:00+00:00,,,pm2_5,db
2024-12-18 14:02:00+00:00,Mumbai,48.413884659365095,35.89088553238888,42.9263774130505,17.1495616850954,0.6493279251180792,28.482030159448186,121,,IN,,,2024-12-18 14:02:00+00:00,,,pm2_5,db
2025-09-15 19:26:00+00:00,Mumbai,37.91437109780911,152.0829954409497,29.04194122313261,22.132653705120855,1.02315498239707,15.739219596495078,225,,IN,,,2025-09-15 19:26:00+00:00,,,pm2_5,db
2025-10-29 09:48:00+00:00,Chennai,89.76501697169797,83.88814824616821,28.091200365220686,8.97130101107324,0.3546267315421908,22.364098498417565,233,,IN,,,2025-10-29 09:48:00+00:00,,,pm2_5,db
2025-12-18 20:57:00+00:00,Ahmedabad,21.104014708376624,176.59104234993086,28.64521484617305,6.115538765790296,0.8630041175514984,10.22692245682668,239,,IN,,,2025-12-18 20:57:00+00:00,,,pm2_5,db
2024-09-13 17:58:00+00:00,Lucknow,61.29129286118288,167.18127898273758,33.85041748564628,15.119395977214456,1.3595465230441683,31.232910662519707,164,,IN,,,2024-09-13 17:58:00+00:00,,,pm2_5,db
2025-05-21 00:05:00+00:00,Jaipur,37.326575372602484,110.17230569372639,30.223288128113932,12.41464452006113,0.7852636770527495,28.147463055895876,128,,IN,,,2025-05-21 00:05:00+00:00,,,pm2_5,db
2025-04-08 03:45:00+00:00,Ahmedabad,32.48586667424621,40.624569502043954,32.053099810340775,12.927300052117399,1.2633490210522882,30.67170707019694,4,,IN,,,2025-04-08 03:45:00+00:00,,,pm2_5,db
2025-01-07 09:05:00+00:00,Kolkata,33.819780998074094,134.43364124546756,19.695935675012308,10.478036435605386,0.683372898863203,30.615411546196448,149,,IN,,,2025-01-07 09:05:00+00:00,,,pm2_5,db
2026-03-31 08:57:00+00:00,Pune,66.69435493731278,61.4912480382964,36.41221563181258,25.7589094542214,1.675085025631006,32.18347886894163,134,,IN,,,2026-03-31 08:57:00+00:00,,,pm2_5,db
2026-04-16 15:05:00+00:00,Delhi,92.06982140256784,78.4097567950088,19.5112185275393,9.006097145895872,0.46897687057672266,12.732312654483637,136,,IN,,,2026-04-16 15:05:00+00:00,,,pm2_5,db
2025-01-23 14:41:00+00:00,Lucknow,40.470224346324855,130.89440855337875,26.518114642569643,8.928568192636877,1.2984729486544415,23.5796039176706,120,,IN,,,2025-01-23 14:41:00+00:00,,,pm2_5,db
2025-12-03 15:24:00+00:00,Kolkata,56.323162512284895,113.22431102482086,18.27314655400008,4.835901741012847,1.384573750983404,29.449420625446216,171,,IN,,,2025-12-03 15:24:00+00:00,,,pm2_5,db
2025-09-12 18:37:00+00:00,Kolkata,77.41029727056923,147.40435044091134,43.668420077859714,9.39533250432408,1.693496364954419,27.284606817323212,184,,IN,,,2025-09-12 18:37:00+00:00,,,pm2_5,db
2025-02-22 23:25:00+00:00,Chennai,41.60620024374201,138.05403353379305,72.67941592361458,7.751229551259501,1.035497357712474,20.537947356527376,105,,IN,,,2025-02-22 23:25:00+00:00,,,pm2_5,db
2025-10-23 08:32:00+00:00,Hyderabad,48.14798816584097,46.50028705074795,18.63582413186629,0.1,1.3159023496059645,52.996972218373095,114,,IN,,,2025-10-23 08:32:00+00:00,,,pm2_5,db
2025-04-22 06:17:00+00:00,Hyderabad,41.82687602674608,161.9738772221416,25.769564283150828,6.209105865503315,0.9110212221271567,32.57776760936187,124,,IN,,,2025-04-22 06:17:00+00:00,,,pm2_5,db
2025-09-02 01:36:00+00:00,Hyderabad,56.379552183619985,59.1257926199646,35.955474034409704,0.1,0.7779392728172423,32.59385208830743,161,,IN,,,2025-09-02 01:36:00+00:00,,,pm2_5,db
2025-02-05 20:23:00+00:00,Lucknow,89.24365452463792,146.9879678707917,36.69211506371512,15.565274663881258,1.3752117772017884,20.605364866531097,45,,IN,,,2025-02-05 20:23:00+00:00,,,pm2_5,db
2024-06-03 21:40:00+00:00,Jaipur,87.26179977846414,72.54714899818826,16.40353411084255,12.759401597846622,0.9644165055734567,6.14238389428872,166,,IN,,,2024-06-03 21:40:00+00:00,,,pm2_5,db
2025-02-08 20:12:00+00:00,Delhi,93.79203432150268,182.99516071228462,11.765154472920575,8.023650775523834,1.021311261539353,42.81226927581568,105,,IN,,,2025-02-08 20:12:00+00:00,,,pm2_5,db
2025-03-15 08:43:00+00:00,Jaipur,50.63027118204355,138.8880683586583,7.842855523313588,8.972603535446042,0.1702015808367977,14.445662190442956,198,,IN,,,2025-03-15 08:43:00+00:00,,,pm2_5,db
2024-11-15 12:08:00+00:00,Kolkata,41.28125940047706,101.17375707034869,34.516697506510404,15.89749723877057,0.1,16.682388257371905,151,,IN,,,2024-11-15 12:08:00+00:00,,,pm2_5,db
2024-08-19 13:11:00+00:00,Jaipur,66.68850715316384,97.8052854802637,22.097202060192345,8.526991061586994,1.5743711749113714,17.679920670942856,135,,IN,,,2024-08-19 13:11:00+00:00,,,pm2_5,db
2025-06-17 16:49:00+00:00,Hyderabad,52.49229354409217,148.35226624043844,48.47969104897533,9.617474410056111,0.8946405104616187,21.709463279517838,122,,IN,,,2025-06-17 16:49:00+00:00,,,pm2_5,db
2025-06-15 09:39:00+00:00,Lucknow,65.88224272924674,64.9910595848066,15.487648839371483,22.86068094866188,0.9110871373556552,17.2522800442164,240,,IN,,,2025-06-15 09:39:00+00:00,,,pm2_5,db
2025-06-09 17:49:00+00:00,Mumbai,56.54882311796166,97.25307637692784,27.456204412540643,1.7035709782082389,0.9560362952900513,27.960330770426175,269,,IN,,,2025-06-09 17:49:00+00:00,,,pm2_5,db
2024-11-22 10:20:00+00:00,Bengaluru,57.650364180384464,219.58016532433223,42.9954935247756,5.134666337148468,1.2955532572152784,17.579865751102595,45,,IN,,,2024-11-22 10:20:00+00:00,,,pm2_5,db
2024-09-20 05:52:00+00:00,Jaipur,13.196112439165105,64.03362837845457,30.15503344773532,7.550960944066276,1.1974056355730454,12.853316726914386,189,,IN,,,2024-09-20 05:52:00+00:00,,,pm2_5,db
2025-10-17 02:04:00+00:00,Ahmedabad,17.106042890542085,66.2978291846635,36.260562045477435,19.98539950898583,1.1575215180580853,30.62857920182391,141,,IN,,,2025-10-17 02:04:00+00:00,,,pm2_5,db
2025-10-03 23:16:00+00:00,Delhi,29.70225700046808,58.85160128892514,36.026233789796194,3.2609321074722297,1.1597770033616808,11.981772477789024,160,,IN,,,2025-10-03 23:16:00+00:00,,,pm2_5,db
2025-05-29 17:11:00+00:00,Lucknow,68.09297238947663,159.43131571976565,18.665299253622113,10.336860041465004,0.5094564209418608,20.86394757255582,121,,IN,,,2025-05-29 17:11:00+00:00,,,pm2_5,db
2025-03-31 01:34:00+00:00,Hyderabad,24.662066908683677,16.41007537170411,14.154803047448132,13.764963380031066,0.20075073399335852,11.318771537466949,265,,IN,,,2025-03-31 01:34:00+00:00,,,pm2_5,db
2026-04-29 13:25:00+00:00,Jaipur,76.05792866251237,136.5010451912512,7.165286540879105,8.613641920603058,0.19088636524080393,49.46317858910324,28,,IN,,,2026-04-29 13:25:00+00:00,,,pm2_5,db
2024-09-22 15:42:00+00:00,Delhi,22.58348808192799,164.10375639026182,66.33671851625243,7.145505284124296,0.33978842657779496,2.630745012739787,122,,IN,,,2024-09-22 15:42:00+00:00,,,pm2_5,db
2024-09-08 05:36:00+00:00,Kolkata,65.5343813494057,125.80692571261946,34.84624886906851,8.103250768189078,0.44918908521286904,31.65833097806716,140,,IN,,,2024-09-08 05:36:00+00:00,,,pm2_5,db
2025-04-09 23:05:00+00:00,Jaipur,24.45594827382211,52.63111170169587,18.666889218892074,3.662407550255992,1.3776258879880503,28.513096759879176,216,,IN,,,2025-04-09 23:05:00+00:00,,,pm2_5,db
2025-09-01 16:39:00+00:00,Kolkata,89.99324450860426,128.78909358940194,31.021514451565782,18.882718203584112,1.057590441576395,21.956593950820782,81,,IN,,,2025-09-01 16:39:00+00:00,,,pm2_5,db
2024-12-28 19:50:00+00:00,Pune,58.735314964164246,162.31662495119355,1.0,9.667279751152511,0.9799525439477819,17.73005627592653,306,,IN,,,2024-12-28 19:50:00+00:00,,,pm2_5,db
2024-11-19 15:14:00+00:00,Hyderabad,60.64905283583762,29.88745045896681,18.601981119826274,15.899439816672425,0.6855273225336127,16.711248371997286,231,,IN,,,2024-11-19 15:14:00+00:00,,,pm2_5,db
2026-01-24 04:17:00+00:00,Chennai,48.622066649033314,100.42115739534705,17.937750576375613,4.031361285828131,0.4777917558457838,18.819455932147925,67,,IN,,,2026-01-24 04:17:00+00:00,,,pm2_5,db
2024-08-08 03:47:00+00:00,Mumbai,65.86488952233593,178.03171033713267,19.97492447467946,11.776603537739623,1.156356289637401,22.46162438874467,192,,IN,,,2024-08-08 03:47:00+00:00,,,pm2_5,db
2024-09-18 02:01:00+00:00,Lucknow,53.60900737380511,95.6987956578186,9.483691518044111,5.16449332829385,0.6889962380491561,13.760282375705659,170,,IN,,,2024-09-18 02:01:00+00:00,,,pm2_5,db
2025-10-28 02:18:00+00:00,Mumbai,67.08603589361593,68.6355544188116,25.426167435912568,5.858022524933345,1.3009478243032206,18.21211826157822,210,,IN,,,2025-10-28 02:18:00+00:00,,,pm2_5,db
2025-11-23 13:50:00+00:00,Ahmedabad,28.667368441370925,120.12818041181399,43.428276033392706,11.639927539221246,2.1194158332072117,39.297874524704184,118,,IN,,,2025-11-23 13:50:00+00:00,,,pm2_5,db
2024-12-15 14:39:00+00:00,Kolkata,39.049520489357874,156.65153226129945,35.42400782765375,11.538753465151197,1.3434768338854082,42.22829883369059,151,,IN,,,2024-12-15 14:39:00+00:00,,,pm2_5,db
2025-05-27 07:19:00+00:00,Kolkata,84.18876039977839,97.16080638465111,30.0777967298853,11.172285495632792,1.1809064723024914,11.43400149060886,32,,IN,,,2025-05-27 07:19:00+00:00,,,pm2_5,db
2025-01-01 12:29:00+00:00,Lucknow,43.90439965068744,135.38842568360016,27.466062655128926,11.17836763006113,0.3878482949788692,20.383577970790547,181,,IN,,,2025-01-01 12:29:00+00:00,,,pm2_5,db
2025-04-28 13:47:00+00:00,Jaipur,64.04155965948884,197.9539141392933,29.736031061165427,5.840878323145327,0.9131188053189199,25.92177107526833,129,,IN,,,2025-04-28 13:47:00+00:00,,,pm2_5,db
2025-05-16 01:51:00+00:00,Delhi,35.93423812285122,104.0265905171401,27.520980449663448,6.6028643508399965,0.9114932069617815,25.610148554142054,202,,IN,,,2025-05-16 01:51:00+00:00,,,pm2_5,db
2024-11-16 01:01:00+00:00,Kolkata,46.45999246415197,132.88382894393928,35.63595446418535,15.194902019078917,1.3567302312222438,30.887356228811463,133,,IN,,,2024-11-16 01:01:00+00:00,,,pm2_5,db
2026-03-07 00:04:00+00:00,Kolkata,43.69813576493014,84.86368885212538,32.72147096925543,12.491678141592722,0.5879467503679978,24.252374365866917,133,,IN,,,2026-03-07 00:04:00+00:00,,,pm2_5,db
2024-11-11 17:01:00+00:00,Bengaluru,56.06705417878834,103.58828228707924,51.23871411865902,2.705210208946748,0.5876887143976937,1.0,106,,IN,,,2024-11-11 17:01:00+00:00,,,pm2_5,db
2025-12-11 03:33:00+00:00,Ahmedabad,87.691933487094,144.42470089347853,31.167850864009562,7.7763216787608265,1.5130948340534318,24.802421401641485,82,,IN,,,2025-12-11 03:33:00+00:00,,,pm2_5,db
2025-05-02 11:55:00+00:00,Chennai,78.86609042931522,201.06154758172357,30.92415519284214,5.407866909278174,0.40751739585789304,30.51954896305599,16,,IN,,,2025-05-02 11:55:00+00:00,,,pm2_5,db
2025-06-21 14:50:00+00:00,Lucknow,70.9069863308216,101.2135331224577,38.47410980320222,11.025630226769799,0.6109380790697041,43.504123223750256,115,,IN,,,2025-06-21 14:50:00+00:00,,,pm2_5,db
2025-12-23 20:06:00+00:00,Bengaluru,91.91177206952322,168.75054978618329,30.447506806899572,13.35262620842655,1.2792575908037813,18.572164303592757,178,,IN,,,2025-12-23 20:06:00+00:00,,,pm2_5,db
2025-10-06 05:21:00+00:00,Ahmedabad,88.17357858030746,148.9863076280081,19.40436746826311,5.5985419389937565,0.677201698771164,32.32639566465491,70,,IN,,,2025-10-06 05:21:00+00:00,,,pm2_5,db
2025-09-25 11:10:00+00:00,Mumbai,57.7938637426725,150.4025478745971,25.435347457653112,8.716866394036513,0.5113768844340718,35.17177347620205,86,,IN,,,2025-09-25 11:10:00+00:00,,,pm2_5,db
2025-06-24 09:15:00+00:00,Lucknow,33.680423422208435,85.63587424706716,50.74308358561101,11.209945255806883,0.49542482931657905,28.053282873486918,129,,IN,,,2025-06-24 09:15:00+00:00,,,pm2_5,db
2026-02-06 11:32:00+00:00,Jaipur,67.12809603355682,94.77500611734541,51.300418766806565,0.1,1.0471600781905488,44.944284946810726,131,,IN,,,2026-02-06 11:32:00+00:00,,,pm2_5,db
2026-01-27 07:01:00+00:00,Kolkata,96.36295102397591,125.04278385283085,17.417158357312232,5.888543156925856,0.7201498644250933,28.61197884053996,233,,IN,,,2026-01-27 07:01:00+00:00,,,pm2_5,db
2024-07-04 20:01:00+00:00,Pune,26.70888099856292,56.88269944026235,37.99878031820645,1.9271734124026345,0.8872164894656979,28.04150446186177,60,,IN,,,2024-07-04 20:01:00+00:00,,,pm2_5,db
2025-09-26 16:30:00+00:00,Lucknow,72.59125718810134,152.46075081655027,39.10580152155828,10.441939569953167,0.6269026232214754,14.290930041554809,104,,IN,,,2025-09-26 16:30:00+00:00,,,pm2_5,db
2024-06-13 12:24:00+00:00,Jaipur,7.50245035687194,78.57291886929988,48.06761327409234,10.475290286824837,0.29149554344850703,48.558211815981515,137,,IN,,,2024-06-13 12:24:00+00:00,,,pm2_5,db
2026-02-27 22:09:00+00:00,Bengaluru,50.81011334599535,80.89705272714423,61.82512477598911,16.019235217706502,1.4109686005543383,30.762891917182106,69,,IN,,,2026-02-27 22:09:00+00:00,,,pm2_5,db
2025-07-18 12:48:00+00:00,Ahmedabad,67.08216995376614,44.42440378141724,1.0,11.909747215918689,0.5954503664025459,5.108324287027269,177,,IN,,,2025-07-18 12:48:00+00:00,,,pm2_5,db
2026-05-12 07:21:00+00:00,Delhi,53.56705286835819,110.35381226787783,43.3155938517587,16.732768119009442,0.8282321405871507,25.341777157245744,161,,IN,,,2026-05-12 07:21:00+00:00,,,pm2_5,db
2025-12-17 05:15:00+00:00,Jaipur,56.99786887328139,165.19329319017552,48.142810536643296,12.864463440616529,1.8595545350114642,21.13554237773583,253,,IN,,,2025-12-17 05:15:00+00:00,,,pm2_5,db
2025-06-20 00:37:00+00:00,Lucknow,30.187951830438056,82.42618991130634,36.28196742300821,12.383404317873952,1.9750694920875094,18.31625316700466,203,,IN,,,2025-06-20 00:37:00+00:00,,,pm2_5,db
2024-07-27 15:56:00+00:00,Lucknow,35.975091451892,166.31035221016793,48.43987396973121,13.597507118742264,1.102173843604477,27.261080100443714,134,,IN,,,2024-07-27 15:56:00+00:00,,,pm2_5,db
2025-12-27 21:07:00+00:00,Hyderabad,38.78687561618397,68.05633420689631,18.71945619521562,11.332793455296711,0.9865220817823963,27.153437932887492,175,,IN,,,2025-12-27 21:07:00+00:00,,,pm2_5,db
2024-09-24 23:04:00+00:00,Hyderabad,53.30722932381314,92.66292060873964,37.23579355998679,0.1,0.6047327751385403,34.81072798691833,18,,IN,,,2024-09-24 23:04:00+00:00,,,pm2_5,db
2025-11-06 17:14:00+00:00,Pune,50.76361655440629,121.6725106970524,46.7863062727654,7.199264871738881,1.4338877602630906,18.288512048693285,106,,IN,,,2025-11-06 17:14:00+00:00,,,pm2_5,db
2025-03-25 00:17:00+00:00,Ahmedabad,88.94922631413874,102.63548271531343,10.931262601313954,3.5037590662791054,1.1972997106852703,43.44116413394269,167,,IN,,,2025-03-25 00:17:00+00:00,,,pm2_5,db
2026-02-27 05:01:00+00:00,Ahmedabad,54.012534110331345,94.86859130543175,15.623113414571046,18.450693065478134,0.1,32.978592002792695,107,,IN,,,2026-02-27 05:01:00+00:00,,,pm2_5,db
2024-09-03 19:43:00+00:00,Hyderabad,42.146722694998715,82.79723383886359,28.044086416207044,12.48308431487343,0.7790721088535653,9.261410694641146,79,,IN,,,2024-09-03 19:43:00+00:00,,,pm2_5,db
2024-09-22 10:45:00+00:00,Pune,71.27718209259555,99.5431517130785,20.107534557400957,20.065416699252467,0.9059040714744597,20.56630120472873,216,,IN,,,2024-09-22 10:45:00+00:00,,,pm2_5,db
2025-07-22 13:55:00+00:00,Lucknow,60.25616710042245,110.01080416352718,33.89417021854822,22.550014536372927,1.1681241231761852,1.2194603724919943,162,,IN,,,2025-07-22 13:55:00+00:00,,,pm2_5,db
2024-11-17 22:46:00+00:00,Pune,69.26310171989516,119.83789237584682,29.56982568487801,9.684327441667666,1.306522104885393,19.57919202805499,73,,IN,,,2024-11-17 22:46:00+00:00,,,pm2_5,db
2024-10-27 08:35:00+00:00,Mumbai,62.50357281150191,50.173589964985304,31.74702622577133,4.40064669586399,0.7787635285749945,35.45064665771124,173,,IN,,,2024-10-27 08:35:00+00:00,,,pm2_5,db
2026-01-10 02:22:00+00:00,Jaipur,105.92237924572532,62.324747562324994,52.92841221440797,16.129263195888917,1.28866637089234,16.450152190916185,150,,IN,,,2026-01-10 02:22:00+00:00,,,pm2_5,db
2024-12-29 03:52:00+00:00,Mumbai,53.753193522861004,28.455579737103676,46.82676226476882,9.513357060703832,0.7575998002488815,19.396727671702322,165,,IN,,,2024-12-29 03:52:00+00:00,,,pm2_5,db
2026-01-18 13:58:00+00:00,Delhi,70.1782450802069,130.76411991827285,27.005522629835507,3.1125827488599462,1.0444677704446426,10.354676316864113,68,,IN,,,2026-01-18 13:58:00+00:00,,,pm2_5,db
2026-01-05 17:25:00+00:00,Ahmedabad,50.93472623907707,92.08534352894158,59.320387731168694,12.114774983132284,1.169497255237413,21.30299254791225,98,,IN,,,2026-01-05 17:25:00+00:00,,,pm2_5,db
2026-05-08 21:14:00+00:00,Lucknow,71.20774264390948,102.83336027146346,27.941599472456165,14.41686557356633,0.22264496346007345,19.101186684461943,60,,IN,,,2026-05-08 21:14:00+00:00,,,pm2_5,db
2024-11-03 15:49:00+00:00,Jaipur,4.932683971615894,49.44953493440097,28.014814899637706,7.165358727565452,0.33780889596155583,44.447622376504896,161,,IN,,,2024-11-03 15:49:00+00:00,,,pm2_5,db
2025-12-01 04:06:00+00:00,Chennai,78.05685367945006,94.78268956071953,25.74985239438751,13.666011758951559,0.18550121746985015,40.97027859850982,152,,IN,,,2025-12-01 04:06:00+00:00,,,pm2_5,db
2025-01-30 23:28:00+00:00,Bengaluru,36.92087189929517,63.52399113600751,33.754465089972584,10.395899811509477,0.7677940903844097,14.859308071147206,51,,IN,,,2025-01-30 23:28:00+00:00,,,pm2_5,db
2024-08-17 11:23:00+00:00,Bengaluru,42.85982519104344,171.8835794452644,28.76511482710899,17.62025760356155,0.7333739086586517,27.44776283798657,136,,IN,,,2024-08-17 11:23:00+00:00,,,pm2_5,db
2024-08-11 14:06:00+00:00,Lucknow,56.621159824189604,139.8567287853184,18.71956916307661,9.010933710521412,0.5665738200383226,37.35998482763394,161,,IN,,,2024-08-11 14:06:00+00:00,,,pm2_5,db
2025-11-29 22:51:00+00:00,Lucknow,88.90853242247557,140.6137014454514,8.67408979443806,5.825925282899899,0.49805593199432363,32.27533693625799,151,,IN,,,2025-11-29 22:51:00+00:00,,,pm2_5,db
2024-12-31 14:39:00+00:00,Pune,22.647191607030535,107.87374047720961,5.169412440192229,13.172964960307677,1.1889813130170368,44.07948493346882,199,,IN,,,2024-12-31 14:39:00+00:00,,,pm2_5,db
2024-06-04 09:59:00+00:00,Delhi,25.058402976370537,71.50109585275658,34.99713798112665,0.1,0.9814196075330585,14.797367078815792,147,,IN,,,2024-06-04 09:59:00+00:00,,,pm2_5,db
2024-07-04 11:40:00+00:00,Mumbai,60.48318559168474,166.01463667525323,30.10101801152433,5.388143170231202,0.8765570720863586,11.557636029832686,168,,IN,,,2024-07-04 11:40:00+00:00,,,pm2_5,db
2025-10-09 15:59:00+00:00,Chennai,44.45410023488988,99.28821705299269,21.363622133426766,11.272682206787344,1.1908452672398069,24.46625155571489,216,,IN,,,2025-10-09 15:59:00+00:00,,,pm2_5,db
2025-06-22 22:34:00+00:00,Pune,73.46244634102706,109.51880320404214,25.27595038864282,24.560006552388217,0.5914956746289604,27.979331769684148,87,,IN,,,2025-06-22 22:34:00+00:00,,,pm2_5,db
2024-07-10 20:29:00+00:00,Lucknow,43.0412530289714,130.50379973724912,33.86543581914833,6.9002514281515674,1.3790821086140865,28.893053911044102,155,,IN,,,2024-07-10 20:29:00+00:00,,,pm2_5,db
